This is XeTeX, Version 3.141592653-2.6-0.999997 (MiKTeX 25.12) (preloaded format=xelatex 2026.8.19)  19 AUG 2026 06:53
entering extended mode
 restricted \write18 enabled.
 %&-line parsing enabled.
**./skripsi_ukrida.tex
(skripsi_ukrida.tex
LaTeX2e <2025-11-01>
L3 programming layer <2025-12-24>

(C:\Users\Arthur Reezan\AppData\Local\Programs\MiKTeX\tex/latex/base\article.cl
s
Document Class: article 2025/01/22 v1.4n Standard LaTeX document class

(C:\Users\Arthur Reezan\AppData\Local\Programs\MiKTeX\tex/latex/base\size12.clo
File: size12.clo 2025/01/22 v1.4n Standard LaTeX file (size option)
)
\c@part=\count271
\c@section=\count272
\c@subsection=\count273
\c@subsubsection=\count274
\c@paragraph=\count275
\c@subparagraph=\count276
\c@figure=\count277
\c@table=\count278
\abovecaptionskip=\skip49
\belowcaptionskip=\skip50
\bibindent=\dimen148
)
(C:\Users\Arthur Reezan\AppData\Local\Programs\MiKTeX\tex/latex/fontspec\fontsp
ec.sty
(C:\Users\Arthur Reezan\AppData\Local\Programs\MiKTeX\tex/latex/l3packages/xpar
se\xparse.sty
(C:\Users\Arthur Reezan\AppData\Local\Programs\MiKTeX\tex/latex/l3kernel\expl3.
sty
Package: expl3 2025-12-24 L3 programming layer (loader) 

(C:\Users\Arthur Reezan\AppData\Local\Programs\MiKTeX\tex/latex/l3backend\l3bac
kend-xetex.def
File: l3backend-xetex.def 2025-10-09 L3 backend support: XeTeX
\g__graphics_track_int=\count279
\g__pdfannot_backend_int=\count280
\g__pdfannot_backend_link_int=\count281
))
Package: xparse 2025-10-09 L3 Experimental document command parser
)
Package: fontspec 2025/09/29 v2.9g Font selection for XeLaTeX and LuaLaTeX

(C:\Users\Arthur Reezan\AppData\Local\Programs\MiKTeX\tex/latex/fontspec\fontsp
ec-xetex.sty
Package: fontspec-xetex 2025/09/29 v2.9g Font selection for XeLaTeX and LuaLaTe
X
\l__fontspec_script_int=\count282
\l__fontspec_language_int=\count283
\l__fontspec_strnum_int=\count284
\l__fontspec_tmp_int=\count285
\l__fontspec_tmpa_int=\count286
\l__fontspec_tmpb_int=\count287
\l__fontspec_tmpc_int=\count288
\l__fontspec_em_int=\count289
\l__fontspec_emdef_int=\count290
\l__fontspec_strong_int=\count291
\l__fontspec_strongdef_int=\count292
\l__fontspec_tmpa_dim=\dimen149
\l__fontspec_tmpb_dim=\dimen150
\l__fontspec_tmpc_dim=\dimen151

(C:\Users\Arthur Reezan\AppData\Local\Programs\MiKTeX\tex/latex/base\fontenc.st
y
Package: fontenc 2025/07/18 v2.1d Standard LaTeX package
)
(C:\Users\Arthur Reezan\AppData\Local\Programs\MiKTeX\tex/latex/fontspec\fontsp
ec.cfg)))

Package fontspec Info: 
(fontspec)             Font family 'TimesNewRoman(0)' created for font 'Times
(fontspec)             New Roman' with options [Ligatures=TeX].
(fontspec)              
(fontspec)              This font family consists of the following NFSS
(fontspec)             series/shapes:
(fontspec)              
(fontspec)             - 'normal' (m/n) with NFSS spec.: <->"Times New
(fontspec)             Roman/OT:script=latn;language=dflt;mapping=tex-text;"
(fontspec)             - 'small caps'  (m/sc) with NFSS spec.: <->"Times New
(fontspec)             Roman/OT:script=latn;language=dflt;+smcp;mapping=tex-tex
t;"
(fontspec)             - 'bold' (b/n) with NFSS spec.: <->"Times New
(fontspec)             Roman/B/OT:script=latn;language=dflt;mapping=tex-text;"
(fontspec)             - 'bold small caps'  (b/sc) with NFSS spec.: <->"Times
(fontspec)             New
(fontspec)             Roman/B/OT:script=latn;language=dflt;+smcp;mapping=tex-t
ext;"
(fontspec)             - 'italic' (m/it) with NFSS spec.: <->"Times New
(fontspec)             Roman/I/OT:script=latn;language=dflt;mapping=tex-text;"
(fontspec)             - 'italic small caps'  (m/scit) with NFSS spec.:
(fontspec)             <->"Times New
(fontspec)             Roman/I/OT:script=latn;language=dflt;+smcp;mapping=tex-t
ext;"
(fontspec)             - 'bold italic' (b/it) with NFSS spec.: <->"Times New
(fontspec)             Roman/BI/OT:script=latn;language=dflt;mapping=tex-text;"

(fontspec)             - 'bold italic small caps'  (b/scit) with NFSS spec.:
(fontspec)             <->"Times New
(fontspec)             Roman/BI/OT:script=latn;language=dflt;+smcp;mapping=tex-
text;"


(C:\Users\Arthur Reezan\AppData\Local\Programs\MiKTeX\tex/latex/polyglossia\pol
yglossia.sty
Package: polyglossia 2026/07/22 v2.12 Modern multilingual typesetting with XeLa
TeX and LuaLaTeX

(C:\Users\Arthur Reezan\AppData\Local\Programs\MiKTeX\tex/latex/etoolbox\etoolb
ox.sty
Package: etoolbox 2025/10/02 v2.5m e-TeX tools for LaTeX (JAW)
\etb@tempcnta=\count293
)
(C:\Users\Arthur Reezan\AppData\Local\Programs\MiKTeX\tex/generic/iftex\iftex.s
ty
Package: iftex 2024/12/12 v1.0g TeX engine tests
)
\l_xpg_alias_keyvals_int=\count294

(C:\Users\Arthur Reezan\AppData\Local\Programs\MiKTeX\tex/latex/polyglossia\glo
ss-latex.ldf
File: gloss-latex.ldf polyglossia: module for default language
))

Package polyglossia Warning: File gloss-indonesian.ldf does not exist!
(polyglossia)                I will nevertheless try to use hyphenation
(polyglossia)                patterns for indonesian.


Package polyglossia Info: Default language is indonesian


(C:\Users\Arthur Reezan\AppData\Local\Programs\MiKTeX\tex/latex/polyglossia\glo
ss-english.ldf
File: gloss-english.ldf polyglossia: module for English
)
(C:\Users\Arthur Reezan\AppData\Local\Programs\MiKTeX\tex/latex/geometry\geomet
ry.sty
Package: geometry 2026/03/07 v6.0 Page Geometry

(C:\Users\Arthur Reezan\AppData\Local\Programs\MiKTeX\tex/latex/graphics\keyval
.sty
Package: keyval 2022/05/29 v1.15 key=value parser (DPC)
\KV@toks@=\toks17
)
(C:\Users\Arthur Reezan\AppData\Local\Programs\MiKTeX\tex/generic/iftex\ifvtex.
sty
Package: ifvtex 2019/10/25 v1.7 ifvtex legacy package. Use iftex instead.
)
\Gm@cnth=\count295
\Gm@cntv=\count296
\c@Gm@tempcnt=\count297
\Gm@bindingoffset=\dimen152
\Gm@wd@mp=\dimen153
\Gm@odd@mp=\dimen154
\Gm@even@mp=\dimen155
\Gm@layoutwidth=\dimen156
\Gm@layoutheight=\dimen157
\Gm@layouthoffset=\dimen158
\Gm@layoutvoffset=\dimen159
\Gm@dimlist=\toks18

(C:\Users\Arthur Reezan\AppData\Local\Programs\MiKTeX\tex/latex/geometry\geomet
ry.cfg))
(C:\Users\Arthur Reezan\AppData\Local\Programs\MiKTeX\tex/latex/setspace\setspa
ce.sty
Package: setspace 2022/12/04 v6.7b set line spacing
)
(C:\Users\Arthur Reezan\AppData\Local\Programs\MiKTeX\tex/latex/tools\indentfir
st.sty
Package: indentfirst 2023/07/02 v1.03 Indent first paragraph (DPC)
)
(C:\Users\Arthur Reezan\AppData\Local\Programs\MiKTeX\tex/latex/titlesec\titles
ec.sty
Package: titlesec 2025/01/04 v2.17 Sectioning titles
\ttl@box=\box53
\beforetitleunit=\skip51
\aftertitleunit=\skip52
\ttl@plus=\dimen160
\ttl@minus=\dimen161
\ttl@toksa=\toks19
\titlewidth=\dimen162
\titlewidthlast=\dimen163
\titlewidthfirst=\dimen164
)
(C:\Users\Arthur Reezan\AppData\Local\Programs\MiKTeX\tex/latex/fancyhdr\fancyh
dr.sty
Package: fancyhdr 2025/02/07 v5.2 Extensive control of page headers and footers

\f@nch@headwidth=\skip53
\f@nch@offset@elh=\skip54
\f@nch@offset@erh=\skip55
\f@nch@offset@olh=\skip56
\f@nch@offset@orh=\skip57
\f@nch@offset@elf=\skip58
\f@nch@offset@erf=\skip59
\f@nch@offset@olf=\skip60
\f@nch@offset@orf=\skip61
\f@nch@height=\skip62
\f@nch@footalignment=\skip63
\f@nch@widthL=\skip64
\f@nch@widthC=\skip65
\f@nch@widthR=\skip66
\@temptokenb=\toks20
)
(C:\Users\Arthur Reezan\AppData\Local\Programs\MiKTeX\tex/latex/booktabs\bookta
bs.sty
Package: booktabs 2020/01/12 v1.61803398 Publication quality tables
\heavyrulewidth=\dimen165
\lightrulewidth=\dimen166
\cmidrulewidth=\dimen167
\belowrulesep=\dimen168
\belowbottomsep=\dimen169
\aboverulesep=\dimen170
\abovetopsep=\dimen171
\cmidrulesep=\dimen172
\cmidrulekern=\dimen173
\defaultaddspace=\dimen174
\@cmidla=\count298
\@cmidlb=\count299
\@aboverulesep=\dimen175
\@belowrulesep=\dimen176
\@thisruleclass=\count300
\@lastruleclass=\count301
\@thisrulewidth=\dimen177
)
(C:\Users\Arthur Reezan\AppData\Local\Programs\MiKTeX\tex/latex/tools\longtable
.sty
Package: longtable 2025-10-13 v4.24 Multi-page Table package (DPC)
\LTleft=\skip67
\LTright=\skip68
\LTpre=\skip69
\LTpost=\skip70
\LTchunksize=\count302
\LTcapwidth=\dimen178
\LT@head=\box54
\LT@firsthead=\box55
\LT@foot=\box56
\LT@lastfoot=\box57
\LT@gbox=\box58
\LT@cols=\count303
\LT@rows=\count304
\c@LT@tables=\count305
\c@LT@chunks=\count306
\LT@p@ftn=\toks21
)
(C:\Users\Arthur Reezan\AppData\Local\Programs\MiKTeX\tex/latex/tools\tabularx.
sty
Package: tabularx 2023/12/11 v2.12a `tabularx' package (DPC)

(C:\Users\Arthur Reezan\AppData\Local\Programs\MiKTeX\tex/latex/tools\array.sty
Package: array 2025/09/25 v2.6n Tabular extension package (FMi)
\col@sep=\dimen179
\ar@mcellbox=\box59
\extrarowheight=\dimen180
\NC@list=\toks22
\extratabsurround=\skip71
\backup@length=\skip72
\ar@cellbox=\box60
)
\TX@col@width=\dimen181
\TX@old@table=\dimen182
\TX@old@col=\dimen183
\TX@target=\dimen184
\TX@delta=\dimen185
\TX@cols=\count307
\TX@ftn=\toks23
)
(C:\Users\Arthur Reezan\AppData\Local\Programs\MiKTeX\tex/latex/multirow\multir
ow.sty
Package: multirow 2024/11/12 v2.9 Span multiple rows of a table
\multirow@colwidth=\skip73
\multirow@cntb=\count308
\multirow@dima=\skip74
\bigstrutjot=\dimen186
)
(C:\Users\Arthur Reezan\AppData\Local\Programs\MiKTeX\tex/latex/makecell\makece
ll.sty
Package: makecell 2009/08/03 V0.1e Managing of Tab Column Heads and Cells
\rotheadsize=\dimen187
\c@nlinenum=\count309
\TeXr@lab=\toks24
)
(C:\Users\Arthur Reezan\AppData\Local\Programs\MiKTeX\tex/latex/graphics\graphi
cx.sty
Package: graphicx 2024/12/31 v1.2e Enhanced LaTeX Graphics (DPC,SPQR)

(C:\Users\Arthur Reezan\AppData\Local\Programs\MiKTeX\tex/latex/graphics\graphi
cs.sty
Package: graphics 2024/08/06 v1.4g Standard LaTeX Graphics (DPC,SPQR)

(C:\Users\Arthur Reezan\AppData\Local\Programs\MiKTeX\tex/latex/graphics\trig.s
ty
Package: trig 2023/12/02 v1.11 sin cos tan (DPC)
)
(C:\Users\Arthur Reezan\AppData\Local\Programs\MiKTeX\tex/latex/graphics-cfg\gr
aphics.cfg
File: graphics.cfg 2016/06/04 v1.11 sample graphics configuration
)
Package graphics Info: Driver file: xetex.def on input line 106.

(C:\Users\Arthur Reezan\AppData\Local\Programs\MiKTeX\tex/latex/graphics-def\xe
tex.def
File: xetex.def 2025/11/01 v5.0p Graphics/color driver for xetex
))
\Gin@req@height=\dimen188
\Gin@req@width=\dimen189
)
(C:\Users\Arthur Reezan\AppData\Local\Programs\MiKTeX\tex/latex/float\float.sty
Package: float 2001/11/08 v1.3d Float enhancements (AL)
\c@float@type=\count310
\float@exts=\toks25
\float@box=\box61
\@float@everytoks=\toks26
\@floatcapt=\box62
)
(C:\Users\Arthur Reezan\AppData\Local\Programs\MiKTeX\tex/latex/caption\caption
.sty
Package: caption 2023/08/05 v3.6o Customizing captions (AR)

(C:\Users\Arthur Reezan\AppData\Local\Programs\MiKTeX\tex/latex/caption\caption
3.sty
Package: caption3 2023/07/31 v2.4d caption3 kernel (AR)
\caption@tempdima=\dimen190
\captionmargin=\dimen191
\caption@leftmargin=\dimen192
\caption@rightmargin=\dimen193
\caption@width=\dimen194
\caption@indent=\dimen195
\caption@parindent=\dimen196
\caption@hangindent=\dimen197
Package caption Info: Standard document class detected.
)
\c@caption@flags=\count311
\c@continuedfloat=\count312
Package caption Info: float package is loaded.
Package caption Info: longtable package is loaded.

(C:\Users\Arthur Reezan\AppData\Local\Programs\MiKTeX\tex/latex/caption\ltcapti
on.sty
Package: ltcaption 2021/01/08 v1.4c longtable captions (AR)
))
(C:\Users\Arthur Reezan\AppData\Local\Programs\MiKTeX\tex/latex/amsmath\amsmath
.sty
Package: amsmath 2025/07/09 v2.17z AMS math features
\@mathmargin=\skip75

For additional information on amsmath, use the `?' option.

(C:\Users\Arthur Reezan\AppData\Local\Programs\MiKTeX\tex/latex/amsmath\amstext
.sty
Package: amstext 2024/11/17 v2.01 AMS text

(C:\Users\Arthur Reezan\AppData\Local\Programs\MiKTeX\tex/latex/amsmath\amsgen.
sty
File: amsgen.sty 1999/11/30 v2.0 generic functions
\@emptytoks=\toks27
\ex@=\dimen198
))
(C:\Users\Arthur Reezan\AppData\Local\Programs\MiKTeX\tex/latex/amsmath\amsbsy.
sty
Package: amsbsy 1999/11/29 v1.2d Bold Symbols
\pmbraise@=\dimen199
)
(C:\Users\Arthur Reezan\AppData\Local\Programs\MiKTeX\tex/latex/amsmath\amsopn.
sty
Package: amsopn 2022/04/08 v2.04 operator names
)
\inf@bad=\count313
LaTeX Info: Redefining \frac on input line 233.
\uproot@=\count314
\leftroot@=\count315
LaTeX Info: Redefining \overline on input line 398.
LaTeX Info: Redefining \colon on input line 409.
\classnum@=\count316
\DOTSCASE@=\count317
LaTeX Info: Redefining \ldots on input line 495.
LaTeX Info: Redefining \dots on input line 498.
LaTeX Info: Redefining \cdots on input line 619.
\Mathstrutbox@=\box63
\strutbox@=\box64
LaTeX Info: Redefining \big on input line 721.
LaTeX Info: Redefining \Big on input line 722.
LaTeX Info: Redefining \bigg on input line 723.
LaTeX Info: Redefining \Bigg on input line 724.
\big@size=\dimen256
LaTeX Font Info:    Redeclaring font encoding OML on input line 742.
LaTeX Font Info:    Redeclaring font encoding OMS on input line 743.
\macc@depth=\count318
LaTeX Info: Redefining \bmod on input line 904.
LaTeX Info: Redefining \pmod on input line 909.
LaTeX Info: Redefining \smash on input line 939.
LaTeX Info: Redefining \relbar on input line 969.
LaTeX Info: Redefining \Relbar on input line 970.
\c@MaxMatrixCols=\count319
\dotsspace@=\muskip17
\c@parentequation=\count320
\dspbrk@lvl=\count321
\tag@help=\toks28
\row@=\count322
\column@=\count323
\maxfields@=\count324
\andhelp@=\toks29
\eqnshift@=\dimen257
\alignsep@=\dimen258
\tagshift@=\dimen259
\tagwidth@=\dimen260
\totwidth@=\dimen261
\lineht@=\dimen262
\@envbody=\toks30
\multlinegap=\skip76
\multlinetaggap=\skip77
\mathdisplay@stack=\toks31
LaTeX Info: Redefining \[ on input line 2950.
LaTeX Info: Redefining \] on input line 2951.
)
(C:\Users\Arthur Reezan\AppData\Local\Programs\MiKTeX\tex/latex/amsfonts\amssym
b.sty
Package: amssymb 2013/01/14 v3.01 AMS font symbols

(C:\Users\Arthur Reezan\AppData\Local\Programs\MiKTeX\tex/latex/amsfonts\amsfon
ts.sty
Package: amsfonts 2013/01/14 v3.01 Basic AMSFonts support
\symAMSa=\mathgroup4
\symAMSb=\mathgroup5
LaTeX Font Info:    Redeclaring math symbol \hbar on input line 98.
LaTeX Font Info:    Overwriting math alphabet `\mathfrak' in version `bold'
(Font)                  U/euf/m/n --> U/euf/b/n on input line 106.
))
(C:\Users\Arthur Reezan\AppData\Local\Programs\MiKTeX\tex/latex/pgf/frontendlay
er\tikz.sty
(C:\Users\Arthur Reezan\AppData\Local\Programs\MiKTeX\tex/latex/pgf/basiclayer\
pgf.sty
(C:\Users\Arthur Reezan\AppData\Local\Programs\MiKTeX\tex/latex/pgf/utilities\p
gfrcs.sty
(C:\Users\Arthur Reezan\AppData\Local\Programs\MiKTeX\tex/generic/pgf/utilities
\pgfutil-common.tex
\pgfutil@everybye=\toks32
\pgfutil@tempdima=\dimen263
\pgfutil@tempdimb=\dimen264
)
(C:\Users\Arthur Reezan\AppData\Local\Programs\MiKTeX\tex/generic/pgf/utilities
\pgfutil-latex.def
\pgfutil@abb=\box65
)
(C:\Users\Arthur Reezan\AppData\Local\Programs\MiKTeX\tex/generic/pgf/utilities
\pgfrcs.code.tex
(C:\Users\Arthur Reezan\AppData\Local\Programs\MiKTeX\tex/generic/pgf\pgf.revis
ion.tex)
Package: pgfrcs 2025-08-29 v3.1.11a (3.1.11a)
))
Package: pgf 2025-08-29 v3.1.11a (3.1.11a)

(C:\Users\Arthur Reezan\AppData\Local\Programs\MiKTeX\tex/latex/pgf/basiclayer\
pgfcore.sty
(C:\Users\Arthur Reezan\AppData\Local\Programs\MiKTeX\tex/latex/pgf/systemlayer
\pgfsys.sty
(C:\Users\Arthur Reezan\AppData\Local\Programs\MiKTeX\tex/generic/pgf/systemlay
er\pgfsys.code.tex
Package: pgfsys 2025-08-29 v3.1.11a (3.1.11a)

(C:\Users\Arthur Reezan\AppData\Local\Programs\MiKTeX\tex/generic/pgf/utilities
\pgfkeys.code.tex
\pgfkeys@pathtoks=\toks33
\pgfkeys@temptoks=\toks34

(C:\Users\Arthur Reezan\AppData\Local\Programs\MiKTeX\tex/generic/pgf/utilities
\pgfkeyslibraryfiltered.code.tex
\pgfkeys@tmptoks=\toks35
))
\pgf@x=\dimen265
\pgf@y=\dimen266
\pgf@xa=\dimen267
\pgf@ya=\dimen268
\pgf@xb=\dimen269
\pgf@yb=\dimen270
\pgf@xc=\dimen271
\pgf@yc=\dimen272
\pgf@xd=\dimen273
\pgf@yd=\dimen274
\w@pgf@writea=\write3
\r@pgf@reada=\read2
\c@pgf@counta=\count325
\c@pgf@countb=\count326
\c@pgf@countc=\count327
\c@pgf@countd=\count328
\t@pgf@toka=\toks36
\t@pgf@tokb=\toks37
\t@pgf@tokc=\toks38
\pgf@sys@id@count=\count329

(C:\Users\Arthur Reezan\AppData\Local\Programs\MiKTeX\tex/generic/pgf/systemlay
er\pgf.cfg
File: pgf.cfg 2025-08-29 v3.1.11a (3.1.11a)
)
Driver file for pgf: pgfsys-xetex.def

(C:\Users\Arthur Reezan\AppData\Local\Programs\MiKTeX\tex/generic/pgf/systemlay
er\pgfsys-xetex.def
File: pgfsys-xetex.def 2025-08-29 v3.1.11a (3.1.11a)

(C:\Users\Arthur Reezan\AppData\Local\Programs\MiKTeX\tex/generic/pgf/systemlay
er\pgfsys-dvipdfmx.def
File: pgfsys-dvipdfmx.def 2025-08-29 v3.1.11a (3.1.11a)

(C:\Users\Arthur Reezan\AppData\Local\Programs\MiKTeX\tex/generic/pgf/systemlay
er\pgfsys-common-pdf.def
File: pgfsys-common-pdf.def 2025-08-29 v3.1.11a (3.1.11a)
)
\pgfsys@objnum=\count330
)))
(C:\Users\Arthur Reezan\AppData\Local\Programs\MiKTeX\tex/generic/pgf/systemlay
er\pgfsyssoftpath.code.tex
File: pgfsyssoftpath.code.tex 2025-08-29 v3.1.11a (3.1.11a)
\pgfsyssoftpath@smallbuffer@items=\count331
\pgfsyssoftpath@bigbuffer@items=\count332
)
(C:\Users\Arthur Reezan\AppData\Local\Programs\MiKTeX\tex/generic/pgf/systemlay
er\pgfsysprotocol.code.tex
File: pgfsysprotocol.code.tex 2025-08-29 v3.1.11a (3.1.11a)
))
(C:\Users\Arthur Reezan\AppData\Local\Programs\MiKTeX\tex/latex/xcolor\xcolor.s
ty
Package: xcolor 2024/09/29 v3.02 LaTeX color extensions (UK)

(C:\Users\Arthur Reezan\AppData\Local\Programs\MiKTeX\tex/latex/graphics-cfg\co
lor.cfg
File: color.cfg 2016/01/02 v1.6 sample color configuration
)
Package xcolor Info: Driver file: xetex.def on input line 274.

(C:\Users\Arthur Reezan\AppData\Local\Programs\MiKTeX\tex/latex/graphics\mathco
lor.ltx)
Package xcolor Info: Model `cmy' substituted by `cmy0' on input line 1349.
Package xcolor Info: Model `RGB' extended on input line 1365.
Package xcolor Info: Model `HTML' substituted by `rgb' on input line 1367.
Package xcolor Info: Model `Hsb' substituted by `hsb' on input line 1368.
Package xcolor Info: Model `tHsb' substituted by `hsb' on input line 1369.
Package xcolor Info: Model `HSB' substituted by `hsb' on input line 1370.
Package xcolor Info: Model `Gray' substituted by `gray' on input line 1371.
Package xcolor Info: Model `wave' substituted by `hsb' on input line 1372.
)
(C:\Users\Arthur Reezan\AppData\Local\Programs\MiKTeX\tex/generic/pgf/basiclaye
r\pgfcore.code.tex
Package: pgfcore 2025-08-29 v3.1.11a (3.1.11a)

(C:\Users\Arthur Reezan\AppData\Local\Programs\MiKTeX\tex/generic/pgf/math\pgfm
ath.code.tex
(C:\Users\Arthur Reezan\AppData\Local\Programs\MiKTeX\tex/generic/pgf/math\pgfm
athutil.code.tex)
(C:\Users\Arthur Reezan\AppData\Local\Programs\MiKTeX\tex/generic/pgf/math\pgfm
athparser.code.tex
\pgfmath@dimen=\dimen275
\pgfmath@count=\count333
\pgfmath@box=\box66
\pgfmath@toks=\toks39
\pgfmath@stack@operand=\toks40
\pgfmath@stack@operation=\toks41
)
(C:\Users\Arthur Reezan\AppData\Local\Programs\MiKTeX\tex/generic/pgf/math\pgfm
athfunctions.code.tex)
(C:\Users\Arthur Reezan\AppData\Local\Programs\MiKTeX\tex/generic/pgf/math\pgfm
athfunctions.basic.code.tex)
(C:\Users\Arthur Reezan\AppData\Local\Programs\MiKTeX\tex/generic/pgf/math\pgfm
athfunctions.trigonometric.code.tex)
(C:\Users\Arthur Reezan\AppData\Local\Programs\MiKTeX\tex/generic/pgf/math\pgfm
athfunctions.random.code.tex)
(C:\Users\Arthur Reezan\AppData\Local\Programs\MiKTeX\tex/generic/pgf/math\pgfm
athfunctions.comparison.code.tex)
(C:\Users\Arthur Reezan\AppData\Local\Programs\MiKTeX\tex/generic/pgf/math\pgfm
athfunctions.base.code.tex)
(C:\Users\Arthur Reezan\AppData\Local\Programs\MiKTeX\tex/generic/pgf/math\pgfm
athfunctions.round.code.tex)
(C:\Users\Arthur Reezan\AppData\Local\Programs\MiKTeX\tex/generic/pgf/math\pgfm
athfunctions.misc.code.tex)
(C:\Users\Arthur Reezan\AppData\Local\Programs\MiKTeX\tex/generic/pgf/math\pgfm
athfunctions.integerarithmetics.code.tex)
(C:\Users\Arthur Reezan\AppData\Local\Programs\MiKTeX\tex/generic/pgf/math\pgfm
athcalc.code.tex)
(C:\Users\Arthur Reezan\AppData\Local\Programs\MiKTeX\tex/generic/pgf/math\pgfm
athfloat.code.tex
\c@pgfmathroundto@lastzeros=\count334
))
(C:\Users\Arthur Reezan\AppData\Local\Programs\MiKTeX\tex/generic/pgf/math\pgfi
nt.code.tex)
(C:\Users\Arthur Reezan\AppData\Local\Programs\MiKTeX\tex/generic/pgf/basiclaye
r\pgfcorepoints.code.tex
File: pgfcorepoints.code.tex 2025-08-29 v3.1.11a (3.1.11a)
\pgf@picminx=\dimen276
\pgf@picmaxx=\dimen277
\pgf@picminy=\dimen278
\pgf@picmaxy=\dimen279
\pgf@pathminx=\dimen280
\pgf@pathmaxx=\dimen281
\pgf@pathminy=\dimen282
\pgf@pathmaxy=\dimen283
\pgf@xx=\dimen284
\pgf@xy=\dimen285
\pgf@yx=\dimen286
\pgf@yy=\dimen287
\pgf@zx=\dimen288
\pgf@zy=\dimen289
)
(C:\Users\Arthur Reezan\AppData\Local\Programs\MiKTeX\tex/generic/pgf/basiclaye
r\pgfcorepathconstruct.code.tex
File: pgfcorepathconstruct.code.tex 2025-08-29 v3.1.11a (3.1.11a)
\pgf@path@lastx=\dimen290
\pgf@path@lasty=\dimen291
)
(C:\Users\Arthur Reezan\AppData\Local\Programs\MiKTeX\tex/generic/pgf/basiclaye
r\pgfcorepathusage.code.tex
File: pgfcorepathusage.code.tex 2025-08-29 v3.1.11a (3.1.11a)
\pgf@shorten@end@additional=\dimen292
\pgf@shorten@start@additional=\dimen293
)
(C:\Users\Arthur Reezan\AppData\Local\Programs\MiKTeX\tex/generic/pgf/basiclaye
r\pgfcorescopes.code.tex
File: pgfcorescopes.code.tex 2025-08-29 v3.1.11a (3.1.11a)
\pgfpic=\box67
\pgf@hbox=\box68
\pgf@layerbox@main=\box69
\pgf@picture@serial@count=\count335
)
(C:\Users\Arthur Reezan\AppData\Local\Programs\MiKTeX\tex/generic/pgf/basiclaye
r\pgfcoregraphicstate.code.tex
File: pgfcoregraphicstate.code.tex 2025-08-29 v3.1.11a (3.1.11a)
\pgflinewidth=\dimen294
)
(C:\Users\Arthur Reezan\AppData\Local\Programs\MiKTeX\tex/generic/pgf/basiclaye
r\pgfcoretransformations.code.tex
File: pgfcoretransformations.code.tex 2025-08-29 v3.1.11a (3.1.11a)
\pgf@pt@x=\dimen295
\pgf@pt@y=\dimen296
\pgf@pt@temp=\dimen297
)
(C:\Users\Arthur Reezan\AppData\Local\Programs\MiKTeX\tex/generic/pgf/basiclaye
r\pgfcorequick.code.tex
File: pgfcorequick.code.tex 2025-08-29 v3.1.11a (3.1.11a)
)
(C:\Users\Arthur Reezan\AppData\Local\Programs\MiKTeX\tex/generic/pgf/basiclaye
r\pgfcoreobjects.code.tex
File: pgfcoreobjects.code.tex 2025-08-29 v3.1.11a (3.1.11a)
)
(C:\Users\Arthur Reezan\AppData\Local\Programs\MiKTeX\tex/generic/pgf/basiclaye
r\pgfcorepathprocessing.code.tex
File: pgfcorepathprocessing.code.tex 2025-08-29 v3.1.11a (3.1.11a)
)
(C:\Users\Arthur Reezan\AppData\Local\Programs\MiKTeX\tex/generic/pgf/basiclaye
r\pgfcorearrows.code.tex
File: pgfcorearrows.code.tex 2025-08-29 v3.1.11a (3.1.11a)
\pgfarrowsep=\dimen298
)
(C:\Users\Arthur Reezan\AppData\Local\Programs\MiKTeX\tex/generic/pgf/basiclaye
r\pgfcoreshade.code.tex
File: pgfcoreshade.code.tex 2025-08-29 v3.1.11a (3.1.11a)
\pgf@max=\dimen299
\pgf@sys@shading@range@num=\count336
\pgf@shadingcount=\count337
)
(C:\Users\Arthur Reezan\AppData\Local\Programs\MiKTeX\tex/generic/pgf/basiclaye
r\pgfcoreimage.code.tex
File: pgfcoreimage.code.tex 2025-08-29 v3.1.11a (3.1.11a)
)
(C:\Users\Arthur Reezan\AppData\Local\Programs\MiKTeX\tex/generic/pgf/basiclaye
r\pgfcoreexternal.code.tex
File: pgfcoreexternal.code.tex 2025-08-29 v3.1.11a (3.1.11a)
\pgfexternal@startupbox=\box70
)
(C:\Users\Arthur Reezan\AppData\Local\Programs\MiKTeX\tex/generic/pgf/basiclaye
r\pgfcorelayers.code.tex
File: pgfcorelayers.code.tex 2025-08-29 v3.1.11a (3.1.11a)
)
(C:\Users\Arthur Reezan\AppData\Local\Programs\MiKTeX\tex/generic/pgf/basiclaye
r\pgfcoretransparency.code.tex
File: pgfcoretransparency.code.tex 2025-08-29 v3.1.11a (3.1.11a)
)
(C:\Users\Arthur Reezan\AppData\Local\Programs\MiKTeX\tex/generic/pgf/basiclaye
r\pgfcorepatterns.code.tex
File: pgfcorepatterns.code.tex 2025-08-29 v3.1.11a (3.1.11a)
)
(C:\Users\Arthur Reezan\AppData\Local\Programs\MiKTeX\tex/generic/pgf/basiclaye
r\pgfcorerdf.code.tex
File: pgfcorerdf.code.tex 2025-08-29 v3.1.11a (3.1.11a)
)))
(C:\Users\Arthur Reezan\AppData\Local\Programs\MiKTeX\tex/generic/pgf/modules\p
gfmoduleshapes.code.tex
File: pgfmoduleshapes.code.tex 2025-08-29 v3.1.11a (3.1.11a)
\pgfnodeparttextbox=\box71
)
(C:\Users\Arthur Reezan\AppData\Local\Programs\MiKTeX\tex/generic/pgf/modules\p
gfmoduleplot.code.tex
File: pgfmoduleplot.code.tex 2025-08-29 v3.1.11a (3.1.11a)
)
(C:\Users\Arthur Reezan\AppData\Local\Programs\MiKTeX\tex/latex/pgf/compatibili
ty\pgfcomp-version-0-65.sty
Package: pgfcomp-version-0-65 2025-08-29 v3.1.11a (3.1.11a)
\pgf@nodesepstart=\dimen300
\pgf@nodesepend=\dimen301
)
(C:\Users\Arthur Reezan\AppData\Local\Programs\MiKTeX\tex/latex/pgf/compatibili
ty\pgfcomp-version-1-18.sty
Package: pgfcomp-version-1-18 2025-08-29 v3.1.11a (3.1.11a)
))
(C:\Users\Arthur Reezan\AppData\Local\Programs\MiKTeX\tex/latex/pgf/utilities\p
gffor.sty
(C:\Users\Arthur Reezan\AppData\Local\Programs\MiKTeX\tex/latex/pgf/utilities\p
gfkeys.sty
(C:\Users\Arthur Reezan\AppData\Local\Programs\MiKTeX\tex/generic/pgf/utilities
\pgfkeys.code.tex))
(C:\Users\Arthur Reezan\AppData\Local\Programs\MiKTeX\tex/latex/pgf/math\pgfmat
h.sty
(C:\Users\Arthur Reezan\AppData\Local\Programs\MiKTeX\tex/generic/pgf/math\pgfm
ath.code.tex))
(C:\Users\Arthur Reezan\AppData\Local\Programs\MiKTeX\tex/generic/pgf/utilities
\pgffor.code.tex
Package: pgffor 2025-08-29 v3.1.11a (3.1.11a)
\pgffor@iter=\dimen302
\pgffor@skip=\dimen303
\pgffor@stack=\toks42
\pgffor@toks=\toks43
))
(C:\Users\Arthur Reezan\AppData\Local\Programs\MiKTeX\tex/generic/pgf/frontendl
ayer/tikz\tikz.code.tex
Package: tikz 2025-08-29 v3.1.11a (3.1.11a)

(C:\Users\Arthur Reezan\AppData\Local\Programs\MiKTeX\tex/generic/pgf/libraries
\pgflibraryplothandlers.code.tex
File: pgflibraryplothandlers.code.tex 2025-08-29 v3.1.11a (3.1.11a)
\pgf@plot@mark@count=\count338
\pgfplotmarksize=\dimen304
)
\tikz@lastx=\dimen305
\tikz@lasty=\dimen306
\tikz@lastxsaved=\dimen307
\tikz@lastysaved=\dimen308
\tikz@lastmovetox=\dimen309
\tikz@lastmovetoy=\dimen310
\tikzleveldistance=\dimen311
\tikzsiblingdistance=\dimen312
\tikz@figbox=\box72
\tikz@figbox@bg=\box73
\tikz@tempbox=\box74
\tikz@tempbox@bg=\box75
\tikztreelevel=\count339
\tikznumberofchildren=\count340
\tikznumberofcurrentchild=\count341
\tikz@fig@count=\count342

(C:\Users\Arthur Reezan\AppData\Local\Programs\MiKTeX\tex/generic/pgf/modules\p
gfmodulematrix.code.tex
File: pgfmodulematrix.code.tex 2025-08-29 v3.1.11a (3.1.11a)
\pgfmatrixcurrentrow=\count343
\pgfmatrixcurrentcolumn=\count344
\pgf@matrix@numberofcolumns=\count345
)
\tikz@expandcount=\count346

(C:\Users\Arthur Reezan\AppData\Local\Programs\MiKTeX\tex/generic/pgf/frontendl
ayer/tikz/libraries\tikzlibrarytopaths.code.tex
File: tikzlibrarytopaths.code.tex 2025-08-29 v3.1.11a (3.1.11a)
)))
(C:\Users\Arthur Reezan\AppData\Local\Programs\MiKTeX\tex/generic/pgf/frontendl
ayer/tikz/libraries\tikzlibraryshapes.geometric.code.tex
File: tikzlibraryshapes.geometric.code.tex 2025-08-29 v3.1.11a (3.1.11a)

(C:\Users\Arthur Reezan\AppData\Local\Programs\MiKTeX\tex/generic/pgf/libraries
/shapes\pgflibraryshapes.geometric.code.tex
File: pgflibraryshapes.geometric.code.tex 2025-08-29 v3.1.11a (3.1.11a)
))
(C:\Users\Arthur Reezan\AppData\Local\Programs\MiKTeX\tex/generic/pgf/libraries
\pgflibraryarrows.meta.code.tex
File: pgflibraryarrows.meta.code.tex 2025-08-29 v3.1.11a (3.1.11a)
\pgfarrowinset=\dimen313
\pgfarrowlength=\dimen314
\pgfarrowwidth=\dimen315
\pgfarrowlinewidth=\dimen316
)
(C:\Users\Arthur Reezan\AppData\Local\Programs\MiKTeX\tex/generic/pgf/frontendl
ayer/tikz/libraries\tikzlibrarypositioning.code.tex
File: tikzlibrarypositioning.code.tex 2025-08-29 v3.1.11a (3.1.11a)
)
(C:\Users\Arthur Reezan\AppData\Local\Programs\MiKTeX\tex/generic/pgf/frontendl
ayer/tikz/libraries\tikzlibrarycalc.code.tex
File: tikzlibrarycalc.code.tex 2025-08-29 v3.1.11a (3.1.11a)
)
(C:\Users\Arthur Reezan\AppData\Local\Programs\MiKTeX\tex/latex/tocloft\tocloft
.sty
Package: tocloft 2017/08/31 v2.3i parameterised ToC, etc., typesetting
Package tocloft Info: The document has section divisions on input line 51.
\cftparskip=\skip78
\cftbeforetoctitleskip=\skip79
\cftaftertoctitleskip=\skip80
\cftbeforepartskip=\skip81
\cftpartnumwidth=\skip82
\cftpartindent=\skip83
\cftbeforesecskip=\skip84
\cftsecindent=\skip85
\cftsecnumwidth=\skip86
\cftbeforesubsecskip=\skip87
\cftsubsecindent=\skip88
\cftsubsecnumwidth=\skip89
\cftbeforesubsubsecskip=\skip90
\cftsubsubsecindent=\skip91
\cftsubsubsecnumwidth=\skip92
\cftbeforeparaskip=\skip93
\cftparaindent=\skip94
\cftparanumwidth=\skip95
\cftbeforesubparaskip=\skip96
\cftsubparaindent=\skip97
\cftsubparanumwidth=\skip98
\cftbeforeloftitleskip=\skip99
\cftafterloftitleskip=\skip100
\cftbeforefigskip=\skip101
\cftfigindent=\skip102
\cftfignumwidth=\skip103
\c@lofdepth=\count347
\c@lotdepth=\count348
\cftbeforelottitleskip=\skip104
\cftafterlottitleskip=\skip105
\cftbeforetabskip=\skip106
\cfttabindent=\skip107
\cfttabnumwidth=\skip108
)
(C:\Users\Arthur Reezan\AppData\Local\Programs\MiKTeX\tex/latex/natbib\natbib.s
ty
Package: natbib 2010/09/13 8.31b (PWD, AO)
\bibhang=\skip109
\bibsep=\skip110
LaTeX Info: Redefining \cite on input line 694.
\c@NAT@ctr=\count349
)
(C:\Users\Arthur Reezan\AppData\Local\Programs\MiKTeX\tex/latex/hyperref\hyperr
ef.sty
Package: hyperref 2025-07-12 v7.01o Hypertext links for LaTeX

(C:\Users\Arthur Reezan\AppData\Local\Programs\MiKTeX\tex/latex/kvsetkeys\kvset
keys.sty
Package: kvsetkeys 2022-10-05 v1.19 Key value parser (HO)
)
(C:\Users\Arthur Reezan\AppData\Local\Programs\MiKTeX\tex/generic/kvdefinekeys\
kvdefinekeys.sty
Package: kvdefinekeys 2019-12-19 v1.6 Define keys (HO)
)
(C:\Users\Arthur Reezan\AppData\Local\Programs\MiKTeX\tex/generic/pdfescape\pdf
escape.sty
Package: pdfescape 2019/12/09 v1.15 Implements pdfTeX's escape features (HO)

(C:\Users\Arthur Reezan\AppData\Local\Programs\MiKTeX\tex/generic/ltxcmds\ltxcm
ds.sty
Package: ltxcmds 2023-12-04 v1.26 LaTeX kernel commands for general use (HO)
)
(C:\Users\Arthur Reezan\AppData\Local\Programs\MiKTeX\tex/generic/pdftexcmds\pd
ftexcmds.sty
Package: pdftexcmds 2020-06-27 v0.33 Utility functions of pdfTeX for LuaTeX (HO
)

(C:\Users\Arthur Reezan\AppData\Local\Programs\MiKTeX\tex/generic/infwarerr\inf
warerr.sty
Package: infwarerr 2019/12/03 v1.5 Providing info/warning/error messages (HO)
)
Package pdftexcmds Info: \pdf@primitive is available.
Package pdftexcmds Info: \pdf@ifprimitive is available.
Package pdftexcmds Info: \pdfdraftmode not found.
))
(C:\Users\Arthur Reezan\AppData\Local\Programs\MiKTeX\tex/latex/hycolor\hycolor
.sty
Package: hycolor 2020-01-27 v1.10 Color options for hyperref/bookmark (HO)
)
(C:\Users\Arthur Reezan\AppData\Local\Programs\MiKTeX\tex/latex/hyperref\namere
f.sty
Package: nameref 2025-06-21 v2.57 Cross-referencing by name of section

(C:\Users\Arthur Reezan\AppData\Local\Programs\MiKTeX\tex/latex/refcount\refcou
nt.sty
Package: refcount 2019/12/15 v3.6 Data extraction from label references (HO)
)
(C:\Users\Arthur Reezan\AppData\Local\Programs\MiKTeX\tex/generic/gettitlestrin
g\gettitlestring.sty
Package: gettitlestring 2019/12/15 v1.6 Cleanup title references (HO)

(C:\Users\Arthur Reezan\AppData\Local\Programs\MiKTeX\tex/latex/kvoptions\kvopt
ions.sty
Package: kvoptions 2022-06-15 v3.15 Key value format for package options (HO)
))
\c@section@level=\count350
)
(C:\Users\Arthur Reezan\AppData\Local\Programs\MiKTeX\tex/generic/stringenc\str
ingenc.sty
Package: stringenc 2019/11/29 v1.12 Convert strings between diff. encodings (HO
)
)
\@linkdim=\dimen317
\Hy@linkcounter=\count351
\Hy@pagecounter=\count352

(C:\Users\Arthur Reezan\AppData\Local\Programs\MiKTeX\tex/latex/hyperref\pd1enc
.def
File: pd1enc.def 2025-07-12 v7.01o Hyperref: PDFDocEncoding definition (HO)
)
(C:\Users\Arthur Reezan\AppData\Local\Programs\MiKTeX\tex/generic/intcalc\intca
lc.sty
Package: intcalc 2019/12/15 v1.3 Expandable calculations with integers (HO)
)
\Hy@SavedSpaceFactor=\count353

(C:\Users\Arthur Reezan\AppData\Local\Programs\MiKTeX\tex/latex/hyperref\puenc.
def
File: puenc.def 2025-07-12 v7.01o Hyperref: PDF Unicode definition (HO)
)
Package hyperref Info: Option `colorlinks' set `true' on input line 4066.
Package hyperref Info: Hyper figures OFF on input line 4195.
Package hyperref Info: Link nesting OFF on input line 4200.
Package hyperref Info: Hyper index ON on input line 4203.
Package hyperref Info: Plain pages OFF on input line 4210.
Package hyperref Info: Backreferencing OFF on input line 4215.
Package hyperref Info: Implicit mode ON; LaTeX internals redefined.
Package hyperref Info: Bookmarks ON on input line 4462.
\c@Hy@tempcnt=\count354

(C:\Users\Arthur Reezan\AppData\Local\Programs\MiKTeX\tex/latex/url\url.sty
\Urlmuskip=\muskip18
Package: url 2013/09/16  ver 3.4  Verb mode for urls, etc.
)
LaTeX Info: Redefining \url on input line 4801.
\XeTeXLinkMargin=\dimen318

(C:\Users\Arthur Reezan\AppData\Local\Programs\MiKTeX\tex/generic/bitset\bitset
.sty
Package: bitset 2019/12/09 v1.3 Handle bit-vector datatype (HO)

(C:\Users\Arthur Reezan\AppData\Local\Programs\MiKTeX\tex/generic/bigintcalc\bi
gintcalc.sty
Package: bigintcalc 2019/12/15 v1.5 Expandable calculations on big integers (HO
)
))
\Fld@menulength=\count355
\Field@Width=\dimen319
\Fld@charsize=\dimen320
Package hyperref Info: Hyper figures OFF on input line 6078.
Package hyperref Info: Link nesting OFF on input line 6083.
Package hyperref Info: Hyper index ON on input line 6086.
Package hyperref Info: backreferencing OFF on input line 6093.
Package hyperref Info: Link coloring ON on input line 6096.
Package hyperref Info: Link coloring with OCG OFF on input line 6103.
Package hyperref Info: PDF/A mode OFF on input line 6108.
\Hy@abspage=\count356
\c@Item=\count357
\c@Hfootnote=\count358
)
Package hyperref Info: Driver (autodetected): hxetex.

(C:\Users\Arthur Reezan\AppData\Local\Programs\MiKTeX\tex/latex/hyperref\hxetex
.def
File: hxetex.def 2025-07-12 v7.01o Hyperref driver for XeTeX
\pdfm@box=\box76
\c@Hy@AnnotLevel=\count359
\HyField@AnnotCount=\count360
\Fld@listcount=\count361
\c@bookmark@seq@number=\count362

(C:\Users\Arthur Reezan\AppData\Local\Programs\MiKTeX\tex/latex/rerunfilecheck\
rerunfilecheck.sty
Package: rerunfilecheck 2025-06-21 v1.11 Rerun checks for auxiliary files (HO)

(C:\Users\Arthur Reezan\AppData\Local\Programs\MiKTeX\tex/generic/uniquecounter
\uniquecounter.sty
Package: uniquecounter 2019/12/15 v1.4 Provide unlimited unique counter (HO)
)
Package uniquecounter Info: New unique counter `rerunfilecheck' on input line 2
84.
)
\Hy@SectionHShift=\skip111
)
(C:\Users\Arthur Reezan\AppData\Local\Programs\MiKTeX\tex/latex/microtype\micro
type.sty
Package: microtype 2026/03/01 v3.2d Micro-typographical refinements (RS)
\MT@toks=\toks44
\MT@tempbox=\box77
\MT@count=\count363
LaTeX Info: Redefining \noprotrusionifhmode on input line 1084.
LaTeX Info: Redefining \leftprotrusion on input line 1085.
\MT@prot@toks=\toks45
LaTeX Info: Redefining \rightprotrusion on input line 1104.
LaTeX Info: Redefining \textls on input line 1449.
\MT@outer@kern=\dimen321
LaTeX Info: Redefining \microtypecontext on input line 2053.
LaTeX Info: Redefining \textmicrotypecontext on input line 2070.
\MT@listname@count=\count364

(C:\Users\Arthur Reezan\AppData\Local\Programs\MiKTeX\tex/latex/microtype\micro
type-xetex.def
File: microtype-xetex.def 2026/03/01 v3.2d Definitions specific to xetex (RS)
LaTeX Info: Redefining \lsstyle on input line 443.
LaTeX Info: Redefining \lslig on input line 451.
\MT@outer@space=\skip112
)
Package microtype Info: Loading configuration file microtype.cfg.

(C:\Users\Arthur Reezan\AppData\Local\Programs\MiKTeX\tex/latex/microtype\micro
type.cfg
File: microtype.cfg 2026/03/01 v3.2d microtype main configuration file (RS)
)
LaTeX Info: Redefining \microtypesetup on input line 3065.
)
(C:\Users\Arthur Reezan\AppData\Local\Programs\MiKTeX\tex/latex/enumitem\enumit
em.sty
Package: enumitem 2025/02/06 v3.11 Customized lists
\labelindent=\skip113
\enit@outerparindent=\dimen322
\enit@toks=\toks46
\enit@inbox=\box78
\enit@count@id=\count365
\enitdp@description=\count366
)

Package polyglossia Warning: Asking to add empty feature to main font
(polyglossia)                (Language="Indonesian" to langtag "")

(skripsi_ukrida.aux)
\openout1 = `skripsi_ukrida.aux'.

LaTeX Font Info:    Checking defaults for OML/cmm/m/it on input line 171.
LaTeX Font Info:    ... okay on input line 171.
LaTeX Font Info:    Checking defaults for OMS/cmsy/m/n on input line 171.
LaTeX Font Info:    ... okay on input line 171.
LaTeX Font Info:    Checking defaults for OT1/cmr/m/n on input line 171.
LaTeX Font Info:    ... okay on input line 171.
LaTeX Font Info:    Checking defaults for T1/cmr/m/n on input line 171.
LaTeX Font Info:    ... okay on input line 171.
LaTeX Font Info:    Checking defaults for TS1/cmr/m/n on input line 171.
LaTeX Font Info:    ... okay on input line 171.
LaTeX Font Info:    Checking defaults for TU/lmr/m/n on input line 171.
LaTeX Font Info:    ... okay on input line 171.
LaTeX Font Info:    Checking defaults for OMX/cmex/m/n on input line 171.
LaTeX Font Info:    ... okay on input line 171.
LaTeX Font Info:    Checking defaults for U/cmr/m/n on input line 171.
LaTeX Font Info:    ... okay on input line 171.
LaTeX Font Info:    Checking defaults for PD1/pdf/m/n on input line 171.
LaTeX Font Info:    ... okay on input line 171.
LaTeX Font Info:    Checking defaults for PU/pdf/m/n on input line 171.
LaTeX Font Info:    ... okay on input line 171.

Package fontspec Info: 
(fontspec)             Adjusting the maths setup (use [no-math] to avoid
(fontspec)             this).

\symlegacymaths=\mathgroup6
LaTeX Font Info:    Overwriting symbol font `legacymaths' in version `bold'
(Font)                  OT1/cmr/m/n --> OT1/cmr/bx/n on input line 171.
LaTeX Font Info:    Redeclaring math accent \acute on input line 171.
LaTeX Font Info:    Redeclaring math accent \grave on input line 171.
LaTeX Font Info:    Redeclaring math accent \ddot on input line 171.
LaTeX Font Info:    Redeclaring math accent \tilde on input line 171.
LaTeX Font Info:    Redeclaring math accent \bar on input line 171.
LaTeX Font Info:    Redeclaring math accent \breve on input line 171.
LaTeX Font Info:    Redeclaring math accent \check on input line 171.
LaTeX Font Info:    Redeclaring math accent \hat on input line 171.
LaTeX Font Info:    Redeclaring math accent \dot on input line 171.
LaTeX Font Info:    Redeclaring math accent \mathring on input line 171.
LaTeX Font Info:    Redeclaring math symbol \Gamma on input line 171.
LaTeX Font Info:    Redeclaring math symbol \Delta on input line 171.
LaTeX Font Info:    Redeclaring math symbol \Theta on input line 171.
LaTeX Font Info:    Redeclaring math symbol \Lambda on input line 171.
LaTeX Font Info:    Redeclaring math symbol \Xi on input line 171.
LaTeX Font Info:    Redeclaring math symbol \Pi on input line 171.
LaTeX Font Info:    Redeclaring math symbol \Sigma on input line 171.
LaTeX Font Info:    Redeclaring math symbol \Upsilon on input line 171.
LaTeX Font Info:    Redeclaring math symbol \Phi on input line 171.
LaTeX Font Info:    Redeclaring math symbol \Psi on input line 171.
LaTeX Font Info:    Redeclaring math symbol \Omega on input line 171.
LaTeX Font Info:    Redeclaring math symbol \mathdollar on input line 171.
LaTeX Font Info:    Redeclaring symbol font `operators' on input line 171.
LaTeX Font Info:    Encoding `OT1' has changed to `TU' for symbol font
(Font)              `operators' in the math version `normal' on input line 171.

LaTeX Font Info:    Overwriting symbol font `operators' in version `normal'
(Font)                  OT1/cmr/m/n --> TU/TimesNewRoman(0)/m/n on input line 1
71.
LaTeX Font Info:    Encoding `OT1' has changed to `TU' for symbol font
(Font)              `operators' in the math version `bold' on input line 171.
LaTeX Font Info:    Overwriting symbol font `operators' in version `bold'
(Font)                  OT1/cmr/bx/n --> TU/TimesNewRoman(0)/m/n on input line 
171.
LaTeX Font Info:    Overwriting symbol font `operators' in version `normal'
(Font)                  TU/TimesNewRoman(0)/m/n --> TU/TimesNewRoman(0)/m/n on 
input line 171.
LaTeX Font Info:    Overwriting math alphabet `\mathit' in version `normal'
(Font)                  OT1/cmr/m/it --> TU/TimesNewRoman(0)/m/it on input line
 171.
LaTeX Font Info:    Overwriting math alphabet `\mathbf' in version `normal'
(Font)                  OT1/cmr/bx/n --> TU/TimesNewRoman(0)/b/n on input line 
171.
LaTeX Font Info:    Overwriting math alphabet `\mathsf' in version `normal'
(Font)                  OT1/cmss/m/n --> TU/lmss/m/n on input line 171.
LaTeX Font Info:    Overwriting math alphabet `\mathtt' in version `normal'
(Font)                  OT1/cmtt/m/n --> TU/lmtt/m/n on input line 171.
LaTeX Font Info:    Overwriting symbol font `operators' in version `bold'
(Font)                  TU/TimesNewRoman(0)/m/n --> TU/TimesNewRoman(0)/b/n on 
input line 171.
LaTeX Font Info:    Overwriting math alphabet `\mathit' in version `bold'
(Font)                  OT1/cmr/bx/it --> TU/TimesNewRoman(0)/b/it on input lin
e 171.
LaTeX Font Info:    Overwriting math alphabet `\mathsf' in version `bold'
(Font)                  OT1/cmss/bx/n --> TU/lmss/b/n on input line 171.
LaTeX Font Info:    Overwriting math alphabet `\mathtt' in version `bold'
(Font)                  OT1/cmtt/m/n --> TU/lmtt/b/n on input line 171.

*geometry* driver: auto-detecting
*geometry* detected driver: xetex
*geometry* verbose mode - [ preamble ] result:
* driver: xetex
* paper: a4paper
* layout: <same size as paper>
* layoutoffset:(h,v)=(0.0pt,0.0pt)
* modes: 
* h-part:(L,W,R)=(113.81102pt, 398.3386pt, 85.35826pt)
* v-part:(T,H,B)=(85.35826pt, 674.33032pt, 85.35826pt)
* \paperwidth=597.50787pt
* \paperheight=845.04684pt
* \textwidth=398.3386pt
* \textheight=674.33032pt
* \oddsidemargin=41.54103pt
* \evensidemargin=41.54103pt
* \topmargin=-23.91173pt
* \headheight=12.0pt
* \headsep=25.0pt
* \topskip=12.0pt
* \footskip=30.0pt
* \marginparwidth=35.0pt
* \marginparsep=10.0pt
* \columnsep=10.0pt
* \skip\footins=10.8pt plus 4.0pt minus 2.0pt
* \hoffset=0.0pt
* \voffset=0.0pt
* \mag=1000
* \@twocolumnfalse
* \@twosidefalse
* \@mparswitchfalse
* \@reversemarginfalse
* (1in=72.27pt=25.4mm, 1cm=28.453pt)

Package caption Info: Begin \AtBeginDocument code.
Package caption Info: hyperref package is loaded.
Package caption Info: End \AtBeginDocument code.
Package hyperref Info: Link coloring ON on input line 171.
(skripsi_ukrida.out) (skripsi_ukrida.out)
\@outlinefile=\write4
\openout4 = `skripsi_ukrida.out'.

LaTeX Info: Redefining \microtypecontext on input line 171.
Package microtype Info: Applying patch `item' on input line 171.
Package microtype Info: Applying patch `toc' on input line 171.
Package microtype Info: Applying patch `eqnum' on input line 171.
Package microtype Info: Applying patch `footnote' on input line 171.
Package microtype Info: Applying patch `verbatim' on input line 171.
LaTeX Info: Redefining \microtypesetup on input line 171.
Package microtype Info: Character protrusion enabled (level 2).
Package microtype Info: Using default protrusion set `alltext'.
Package microtype Info: No adjustment of tracking.
Package microtype Info: No adjustment of spacing.
Package microtype Info: No adjustment of kerning.
Package microtype Info: Loading generic protrusion settings for font family
(microtype)             `TimesNewRoman' (encoding: TU).
(microtype)             For optimal results, create family-specific settings.
(microtype)             See the microtype manual for details.


Package polyglossia Warning: Asking to add empty feature to main font
(polyglossia)                (Language="Indonesian" to langtag "")


Package polyglossia Warning: Asking to add empty feature to main font
(polyglossia)                (Language="Indonesian" to langtag "")

[1

]
LaTeX Font Info:    Trying to load font information for U+msa on input line 227
.

(C:\Users\Arthur Reezan\AppData\Local\Programs\MiKTeX\tex/latex/amsfonts\umsa.f
d
File: umsa.fd 2013/01/14 v3.01 AMS symbols A
)
(C:\Users\Arthur Reezan\AppData\Local\Programs\MiKTeX\tex/latex/microtype\mt-ms
a.cfg
File: mt-msa.cfg 2006/02/04 v1.1 microtype config. file: AMS symbols (a) (RS)
)
LaTeX Font Info:    Trying to load font information for U+msb on input line 227
.

(C:\Users\Arthur Reezan\AppData\Local\Programs\MiKTeX\tex/latex/amsfonts\umsb.f
d
File: umsb.fd 2013/01/14 v3.01 AMS symbols B
)
(C:\Users\Arthur Reezan\AppData\Local\Programs\MiKTeX\tex/latex/microtype\mt-ms
b.cfg
File: mt-msb.cfg 2005/06/01 v1.0 microtype config. file: AMS symbols (b) (RS)
)
(C:\Users\Arthur Reezan\AppData\Local\Programs\MiKTeX\tex/latex/microtype\mt-cm
r.cfg
File: mt-cmr.cfg 2013/05/19 v2.2 microtype config. file: Computer Modern Roman 
(RS)
)
Overfull \hbox (4.36143pt too wide) in paragraph at lines 235--237
\TU/TimesNewRoman(0)/m/n/12 yang berjudul \TU/TimesNewRoman(0)/b/n/12 “PENGARUH
 PORTOFOLIO KREDIT HIJAU (\TU/TimesNewRoman(0)/b/it/12 GREEN FINAN-
 []


Package polyglossia Warning: Asking to add empty feature to main font
(polyglossia)                (Language="Indonesian" to langtag "")

[2]

Package polyglossia Warning: Asking to add empty feature to main font
(polyglossia)                (Language="Indonesian" to langtag "")

[3]

Package polyglossia Warning: Asking to add empty feature to main font
(polyglossia)                (Language="Indonesian" to langtag "")

[4]

Package polyglossia Warning: Asking to add empty feature to main font
(polyglossia)                (Language="Indonesian" to langtag "")

[5]

Package polyglossia Warning: Asking to add empty feature to main font
(polyglossia)                (Language="Indonesian" to langtag "")

[6]
Overfull \hbox (49.04903pt too wide) in paragraph at lines 389--392
\TU/TimesNewRoman(0)/m/n/12 PENGARUH PORTOFOLIO KREDIT HIJAU (\TU/TimesNewRoman
(0)/m/it/12 GREEN FINANCING\TU/TimesNewRoman(0)/m/n/12 ), \TU/TimesNewRoman(0)/
m/it/12 NON-PERFORMING
 []


Package polyglossia Warning: Asking to add empty feature to main font
(polyglossia)                (Language="Indonesian" to langtag "")

[7]
Overfull \hbox (5.0821pt too wide) in paragraph at lines 438--440
\TU/TimesNewRoman(0)/b/it/12 PERFORMING LOAN \TU/TimesNewRoman(0)/b/n/12 (NPL),
 DAN \TU/TimesNewRoman(0)/b/it/12 CAPITAL ADEQUACY RATIO \TU/TimesNewRoman(0)/b
/n/12 (CAR) TER-
 []


Package polyglossia Warning: Asking to add empty feature to main font
(polyglossia)                (Language="Indonesian" to langtag "")

[8]

Package polyglossia Warning: Asking to add empty feature to main font
(polyglossia)                (Language="Indonesian" to langtag "")

[9]

Package polyglossia Warning: Asking to add empty feature to main font
(polyglossia)                (Language="Indonesian" to langtag "")

[10]

Package polyglossia Warning: Asking to add empty feature to main font
(polyglossia)                (Language="Indonesian" to langtag "")

[11]
Overfull \hbox (5.97101pt too wide) in paragraph at lines 534--536
\TU/TimesNewRoman(0)/m/n/12 positif dan signifikan terhadap ROA ($\OML/cmm/m/it
/12 ^^L[] \OT1/cmr/m/n/12 = +0[]042; \OML/cmm/m/it/12 p \OT1/cmr/m/n/12 = 0[]00
03$\TU/TimesNewRoman(0)/m/n/12 ); (2) \TU/TimesNewRoman(0)/m/it/12 Non-Performi
ng
 []


Overfull \hbox (2.66039pt too wide) in paragraph at lines 542--546
[][] 
 []


Package polyglossia Warning: Asking to add empty feature to main font
(polyglossia)                (Language="Indonesian" to langtag "")

[12]

Package polyglossia Warning: Asking to add empty feature to main font
(polyglossia)                (Language="Indonesian" to langtag "")

[13]
Overfull \hbox (2.66039pt too wide) in paragraph at lines 576--580
[][] 
 []


Package polyglossia Warning: Asking to add empty feature to main font
(polyglossia)                (Language="Indonesian" to langtag "")

[14]

Package polyglossia Warning: Asking to add empty feature to main font
(polyglossia)                (Language="Indonesian" to langtag "")

[15]

Package polyglossia Warning: Asking to add empty feature to main font
(polyglossia)                (Language="Indonesian" to langtag "")

(skripsi_ukrida.toc

Package polyglossia Warning: Asking to add empty feature to main font
(polyglossia)                (Language="Indonesian" to langtag "")


Package polyglossia Warning: Asking to add empty feature to main font
(polyglossia)                (Language="Indonesian" to langtag "")


Package polyglossia Warning: Asking to add empty feature to main font
(polyglossia)                (Language="Indonesian" to langtag "")


Package polyglossia Warning: Asking to add empty feature to main font
(polyglossia)                (Language="Indonesian" to langtag "")


Package polyglossia Warning: Asking to add empty feature to main font
(polyglossia)                (Language="Indonesian" to langtag "")


Package polyglossia Warning: Asking to add empty feature to main font
(polyglossia)                (Language="Indonesian" to langtag "")


Package polyglossia Warning: Asking to add empty feature to main font
(polyglossia)                (Language="Indonesian" to langtag "")


Package polyglossia Warning: Asking to add empty feature to main font
(polyglossia)                (Language="Indonesian" to langtag "")


Package polyglossia Warning: Asking to add empty feature to main font
(polyglossia)                (Language="Indonesian" to langtag "")


Package polyglossia Warning: Asking to add empty feature to main font
(polyglossia)                (Language="Indonesian" to langtag "")


Package polyglossia Warning: Asking to add empty feature to main font
(polyglossia)                (Language="Indonesian" to langtag "")


Package polyglossia Warning: Asking to add empty feature to main font
(polyglossia)                (Language="Indonesian" to langtag "")


Package polyglossia Warning: Asking to add empty feature to main font
(polyglossia)                (Language="Indonesian" to langtag "")


Package polyglossia Warning: Asking to add empty feature to main font
(polyglossia)                (Language="Indonesian" to langtag "")


Package polyglossia Warning: Asking to add empty feature to main font
(polyglossia)                (Language="Indonesian" to langtag "")


Package polyglossia Warning: Asking to add empty feature to main font
(polyglossia)                (Language="Indonesian" to langtag "")


Package polyglossia Warning: Asking to add empty feature to main font
(polyglossia)                (Language="Indonesian" to langtag "")


Package polyglossia Warning: Asking to add empty feature to main font
(polyglossia)                (Language="Indonesian" to langtag "")


Package polyglossia Warning: Asking to add empty feature to main font
(polyglossia)                (Language="Indonesian" to langtag "")


Package polyglossia Warning: Asking to add empty feature to main font
(polyglossia)                (Language="Indonesian" to langtag "")


Package polyglossia Warning: Asking to add empty feature to main font
(polyglossia)                (Language="Indonesian" to langtag "")


Package polyglossia Warning: Asking to add empty feature to main font
(polyglossia)                (Language="Indonesian" to langtag "")


Package polyglossia Warning: Asking to add empty feature to main font
(polyglossia)                (Language="Indonesian" to langtag "")


Package polyglossia Warning: Asking to add empty feature to main font
(polyglossia)                (Language="Indonesian" to langtag "")


Package polyglossia Warning: Asking to add empty feature to main font
(polyglossia)                (Language="Indonesian" to langtag "")


Package polyglossia Warning: Asking to add empty feature to main font
(polyglossia)                (Language="Indonesian" to langtag "")


Package polyglossia Warning: Asking to add empty feature to main font
(polyglossia)                (Language="Indonesian" to langtag "")


Package polyglossia Warning: Asking to add empty feature to main font
(polyglossia)                (Language="Indonesian" to langtag "")


Package polyglossia Warning: Asking to add empty feature to main font
(polyglossia)                (Language="Indonesian" to langtag "")


Package polyglossia Warning: Asking to add empty feature to main font
(polyglossia)                (Language="Indonesian" to langtag "")


Package polyglossia Warning: Asking to add empty feature to main font
(polyglossia)                (Language="Indonesian" to langtag "")


Package polyglossia Warning: Asking to add empty feature to main font
(polyglossia)                (Language="Indonesian" to langtag "")


Package polyglossia Warning: Asking to add empty feature to main font
(polyglossia)                (Language="Indonesian" to langtag "")


Package polyglossia Warning: Asking to add empty feature to main font
(polyglossia)                (Language="Indonesian" to langtag "")


Package polyglossia Warning: Asking to add empty feature to main font
(polyglossia)                (Language="Indonesian" to langtag "")


Package polyglossia Warning: Asking to add empty feature to main font
(polyglossia)                (Language="Indonesian" to langtag "")


Package polyglossia Warning: Asking to add empty feature to main font
(polyglossia)                (Language="Indonesian" to langtag "")


Package polyglossia Warning: Asking to add empty feature to main font
(polyglossia)                (Language="Indonesian" to langtag "")


Package polyglossia Warning: Asking to add empty feature to main font
(polyglossia)                (Language="Indonesian" to langtag "")


Package polyglossia Warning: Asking to add empty feature to main font
(polyglossia)                (Language="Indonesian" to langtag "")


Package polyglossia Warning: Asking to add empty feature to main font
(polyglossia)                (Language="Indonesian" to langtag "")


Package polyglossia Warning: Asking to add empty feature to main font
(polyglossia)                (Language="Indonesian" to langtag "")


Package polyglossia Warning: Asking to add empty feature to main font
(polyglossia)                (Language="Indonesian" to langtag "")


Package polyglossia Warning: Asking to add empty feature to main font
(polyglossia)                (Language="Indonesian" to langtag "")


Package polyglossia Warning: Asking to add empty feature to main font
(polyglossia)                (Language="Indonesian" to langtag "")


Package polyglossia Warning: Asking to add empty feature to main font
(polyglossia)                (Language="Indonesian" to langtag "")


Package polyglossia Warning: Asking to add empty feature to main font
(polyglossia)                (Language="Indonesian" to langtag "")


Package polyglossia Warning: Asking to add empty feature to main font
(polyglossia)                (Language="Indonesian" to langtag "")


Package polyglossia Warning: Asking to add empty feature to main font
(polyglossia)                (Language="Indonesian" to langtag "")


Package polyglossia Warning: Asking to add empty feature to main font
(polyglossia)                (Language="Indonesian" to langtag "")


Package polyglossia Warning: Asking to add empty feature to main font
(polyglossia)                (Language="Indonesian" to langtag "")


Package polyglossia Warning: Asking to add empty feature to main font
(polyglossia)                (Language="Indonesian" to langtag "")


Package polyglossia Warning: Asking to add empty feature to main font
(polyglossia)                (Language="Indonesian" to langtag "")


Package polyglossia Warning: Asking to add empty feature to main font
(polyglossia)                (Language="Indonesian" to langtag "")


Package polyglossia Warning: Asking to add empty feature to main font
(polyglossia)                (Language="Indonesian" to langtag "")


Package polyglossia Warning: Asking to add empty feature to main font
(polyglossia)                (Language="Indonesian" to langtag "")


Package polyglossia Warning: Asking to add empty feature to main font
(polyglossia)                (Language="Indonesian" to langtag "")


Package polyglossia Warning: Asking to add empty feature to main font
(polyglossia)                (Language="Indonesian" to langtag "")


Package polyglossia Warning: Asking to add empty feature to main font
(polyglossia)                (Language="Indonesian" to langtag "")


Package polyglossia Warning: Asking to add empty feature to main font
(polyglossia)                (Language="Indonesian" to langtag "")


Package polyglossia Warning: Asking to add empty feature to main font
(polyglossia)                (Language="Indonesian" to langtag "")


Package polyglossia Warning: Asking to add empty feature to main font
(polyglossia)                (Language="Indonesian" to langtag "")


Package polyglossia Warning: Asking to add empty feature to main font
(polyglossia)                (Language="Indonesian" to langtag "")


Package polyglossia Warning: Asking to add empty feature to main font
(polyglossia)                (Language="Indonesian" to langtag "")


Overfull \hbox (13.76425pt too wide) in paragraph at lines 25--25
 [][] [][][]\TU/TimesNewRoman(0)/m/n/12 Analisis Kualitas Aset, Kolektibilitas,
 dan Implementasi PSAK 
 []


Package polyglossia Warning: Asking to add empty feature to main font
(polyglossia)                (Language="Indonesian" to langtag "")


Package polyglossia Warning: Asking to add empty feature to main font
(polyglossia)                (Language="Indonesian" to langtag "")


Package polyglossia Warning: Asking to add empty feature to main font
(polyglossia)                (Language="Indonesian" to langtag "")


Package polyglossia Warning: Asking to add empty feature to main font
(polyglossia)                (Language="Indonesian" to langtag "")


Package polyglossia Warning: Asking to add empty feature to main font
(polyglossia)                (Language="Indonesian" to langtag "")


Package polyglossia Warning: Asking to add empty feature to main font
(polyglossia)                (Language="Indonesian" to langtag "")


Package polyglossia Warning: Asking to add empty feature to main font
(polyglossia)                (Language="Indonesian" to langtag "")


Package polyglossia Warning: Asking to add empty feature to main font
(polyglossia)                (Language="Indonesian" to langtag "")


Package polyglossia Warning: Asking to add empty feature to main font
(polyglossia)                (Language="Indonesian" to langtag "")


Package polyglossia Warning: Asking to add empty feature to main font
(polyglossia)                (Language="Indonesian" to langtag "")


Package polyglossia Warning: Asking to add empty feature to main font
(polyglossia)                (Language="Indonesian" to langtag "")


Package polyglossia Warning: Asking to add empty feature to main font
(polyglossia)                (Language="Indonesian" to langtag "")


Package polyglossia Warning: Asking to add empty feature to main font
(polyglossia)                (Language="Indonesian" to langtag "")


Package polyglossia Warning: Asking to add empty feature to main font
(polyglossia)                (Language="Indonesian" to langtag "")


Package polyglossia Warning: Asking to add empty feature to main font
(polyglossia)                (Language="Indonesian" to langtag "")


Package polyglossia Warning: Asking to add empty feature to main font
(polyglossia)                (Language="Indonesian" to langtag "")

[16]

Package polyglossia Warning: Asking to add empty feature to main font
(polyglossia)                (Language="Indonesian" to langtag "")


Package polyglossia Warning: Asking to add empty feature to main font
(polyglossia)                (Language="Indonesian" to langtag "")


Package polyglossia Warning: Asking to add empty feature to main font
(polyglossia)                (Language="Indonesian" to langtag "")


Package polyglossia Warning: Asking to add empty feature to main font
(polyglossia)                (Language="Indonesian" to langtag "")


Package polyglossia Warning: Asking to add empty feature to main font
(polyglossia)                (Language="Indonesian" to langtag "")


Package polyglossia Warning: Asking to add empty feature to main font
(polyglossia)                (Language="Indonesian" to langtag "")


Package polyglossia Warning: Asking to add empty feature to main font
(polyglossia)                (Language="Indonesian" to langtag "")


Package polyglossia Warning: Asking to add empty feature to main font
(polyglossia)                (Language="Indonesian" to langtag "")


Package polyglossia Warning: Asking to add empty feature to main font
(polyglossia)                (Language="Indonesian" to langtag "")


Package polyglossia Warning: Asking to add empty feature to main font
(polyglossia)                (Language="Indonesian" to langtag "")


Package polyglossia Warning: Asking to add empty feature to main font
(polyglossia)                (Language="Indonesian" to langtag "")


Package polyglossia Warning: Asking to add empty feature to main font
(polyglossia)                (Language="Indonesian" to langtag "")


Package polyglossia Warning: Asking to add empty feature to main font
(polyglossia)                (Language="Indonesian" to langtag "")


Package polyglossia Warning: Asking to add empty feature to main font
(polyglossia)                (Language="Indonesian" to langtag "")


Package polyglossia Warning: Asking to add empty feature to main font
(polyglossia)                (Language="Indonesian" to langtag "")


Package polyglossia Warning: Asking to add empty feature to main font
(polyglossia)                (Language="Indonesian" to langtag "")


Package polyglossia Warning: Asking to add empty feature to main font
(polyglossia)                (Language="Indonesian" to langtag "")


Package polyglossia Warning: Asking to add empty feature to main font
(polyglossia)                (Language="Indonesian" to langtag "")


Package polyglossia Warning: Asking to add empty feature to main font
(polyglossia)                (Language="Indonesian" to langtag "")


Package polyglossia Warning: Asking to add empty feature to main font
(polyglossia)                (Language="Indonesian" to langtag "")


Package polyglossia Warning: Asking to add empty feature to main font
(polyglossia)                (Language="Indonesian" to langtag "")


Package polyglossia Warning: Asking to add empty feature to main font
(polyglossia)                (Language="Indonesian" to langtag "")


Package polyglossia Warning: Asking to add empty feature to main font
(polyglossia)                (Language="Indonesian" to langtag "")


Package polyglossia Warning: Asking to add empty feature to main font
(polyglossia)                (Language="Indonesian" to langtag "")


Package polyglossia Warning: Asking to add empty feature to main font
(polyglossia)                (Language="Indonesian" to langtag "")


Package polyglossia Warning: Asking to add empty feature to main font
(polyglossia)                (Language="Indonesian" to langtag "")


Package polyglossia Warning: Asking to add empty feature to main font
(polyglossia)                (Language="Indonesian" to langtag "")


Package polyglossia Warning: Asking to add empty feature to main font
(polyglossia)                (Language="Indonesian" to langtag "")


Package polyglossia Warning: Asking to add empty feature to main font
(polyglossia)                (Language="Indonesian" to langtag "")


Package polyglossia Warning: Asking to add empty feature to main font
(polyglossia)                (Language="Indonesian" to langtag "")


Package polyglossia Warning: Asking to add empty feature to main font
(polyglossia)                (Language="Indonesian" to langtag "")


Package polyglossia Warning: Asking to add empty feature to main font
(polyglossia)                (Language="Indonesian" to langtag "")


Package polyglossia Warning: Asking to add empty feature to main font
(polyglossia)                (Language="Indonesian" to langtag "")


Package polyglossia Warning: Asking to add empty feature to main font
(polyglossia)                (Language="Indonesian" to langtag "")


Package polyglossia Warning: Asking to add empty feature to main font
(polyglossia)                (Language="Indonesian" to langtag "")


Package polyglossia Warning: Asking to add empty feature to main font
(polyglossia)                (Language="Indonesian" to langtag "")


Package polyglossia Warning: Asking to add empty feature to main font
(polyglossia)                (Language="Indonesian" to langtag "")


Package polyglossia Warning: Asking to add empty feature to main font
(polyglossia)                (Language="Indonesian" to langtag "")


Package polyglossia Warning: Asking to add empty feature to main font
(polyglossia)                (Language="Indonesian" to langtag "")


Package polyglossia Warning: Asking to add empty feature to main font
(polyglossia)                (Language="Indonesian" to langtag "")


Package polyglossia Warning: Asking to add empty feature to main font
(polyglossia)                (Language="Indonesian" to langtag "")


Package polyglossia Warning: Asking to add empty feature to main font
(polyglossia)                (Language="Indonesian" to langtag "")


Package polyglossia Warning: Asking to add empty feature to main font
(polyglossia)                (Language="Indonesian" to langtag "")


Package polyglossia Warning: Asking to add empty feature to main font
(polyglossia)                (Language="Indonesian" to langtag "")


Package polyglossia Warning: Asking to add empty feature to main font
(polyglossia)                (Language="Indonesian" to langtag "")


Package polyglossia Warning: Asking to add empty feature to main font
(polyglossia)                (Language="Indonesian" to langtag "")


Package polyglossia Warning: Asking to add empty feature to main font
(polyglossia)                (Language="Indonesian" to langtag "")


Package polyglossia Warning: Asking to add empty feature to main font
(polyglossia)                (Language="Indonesian" to langtag "")


Package polyglossia Warning: Asking to add empty feature to main font
(polyglossia)                (Language="Indonesian" to langtag "")


Package polyglossia Warning: Asking to add empty feature to main font
(polyglossia)                (Language="Indonesian" to langtag "")


Package polyglossia Warning: Asking to add empty feature to main font
(polyglossia)                (Language="Indonesian" to langtag "")


Package polyglossia Warning: Asking to add empty feature to main font
(polyglossia)                (Language="Indonesian" to langtag "")


Package polyglossia Warning: Asking to add empty feature to main font
(polyglossia)                (Language="Indonesian" to langtag "")


Package polyglossia Warning: Asking to add empty feature to main font
(polyglossia)                (Language="Indonesian" to langtag "")


Package polyglossia Warning: Asking to add empty feature to main font
(polyglossia)                (Language="Indonesian" to langtag "")


Package polyglossia Warning: Asking to add empty feature to main font
(polyglossia)                (Language="Indonesian" to langtag "")


Package polyglossia Warning: Asking to add empty feature to main font
(polyglossia)                (Language="Indonesian" to langtag "")


Package polyglossia Warning: Asking to add empty feature to main font
(polyglossia)                (Language="Indonesian" to langtag "")


Package polyglossia Warning: Asking to add empty feature to main font
(polyglossia)                (Language="Indonesian" to langtag "")


Package polyglossia Warning: Asking to add empty feature to main font
(polyglossia)                (Language="Indonesian" to langtag "")


Package polyglossia Warning: Asking to add empty feature to main font
(polyglossia)                (Language="Indonesian" to langtag "")


Package polyglossia Warning: Asking to add empty feature to main font
(polyglossia)                (Language="Indonesian" to langtag "")


Package polyglossia Warning: Asking to add empty feature to main font
(polyglossia)                (Language="Indonesian" to langtag "")


Package polyglossia Warning: Asking to add empty feature to main font
(polyglossia)                (Language="Indonesian" to langtag "")


Package polyglossia Warning: Asking to add empty feature to main font
(polyglossia)                (Language="Indonesian" to langtag "")


Package polyglossia Warning: Asking to add empty feature to main font
(polyglossia)                (Language="Indonesian" to langtag "")


Package polyglossia Warning: Asking to add empty feature to main font
(polyglossia)                (Language="Indonesian" to langtag "")


Package polyglossia Warning: Asking to add empty feature to main font
(polyglossia)                (Language="Indonesian" to langtag "")


Package polyglossia Warning: Asking to add empty feature to main font
(polyglossia)                (Language="Indonesian" to langtag "")


Package polyglossia Warning: Asking to add empty feature to main font
(polyglossia)                (Language="Indonesian" to langtag "")


Package polyglossia Warning: Asking to add empty feature to main font
(polyglossia)                (Language="Indonesian" to langtag "")


Package polyglossia Warning: Asking to add empty feature to main font
(polyglossia)                (Language="Indonesian" to langtag "")


Package polyglossia Warning: Asking to add empty feature to main font
(polyglossia)                (Language="Indonesian" to langtag "")


Package polyglossia Warning: Asking to add empty feature to main font
(polyglossia)                (Language="Indonesian" to langtag "")


Package polyglossia Warning: Asking to add empty feature to main font
(polyglossia)                (Language="Indonesian" to langtag "")


Package polyglossia Warning: Asking to add empty feature to main font
(polyglossia)                (Language="Indonesian" to langtag "")


Package polyglossia Warning: Asking to add empty feature to main font
(polyglossia)                (Language="Indonesian" to langtag "")


Package polyglossia Warning: Asking to add empty feature to main font
(polyglossia)                (Language="Indonesian" to langtag "")


Package polyglossia Warning: Asking to add empty feature to main font
(polyglossia)                (Language="Indonesian" to langtag "")


Package polyglossia Warning: Asking to add empty feature to main font
(polyglossia)                (Language="Indonesian" to langtag "")


Package polyglossia Warning: Asking to add empty feature to main font
(polyglossia)                (Language="Indonesian" to langtag "")


Package polyglossia Warning: Asking to add empty feature to main font
(polyglossia)                (Language="Indonesian" to langtag "")


Package polyglossia Warning: Asking to add empty feature to main font
(polyglossia)                (Language="Indonesian" to langtag "")


Package polyglossia Warning: Asking to add empty feature to main font
(polyglossia)                (Language="Indonesian" to langtag "")


Package polyglossia Warning: Asking to add empty feature to main font
(polyglossia)                (Language="Indonesian" to langtag "")


Package polyglossia Warning: Asking to add empty feature to main font
(polyglossia)                (Language="Indonesian" to langtag "")


Package polyglossia Warning: Asking to add empty feature to main font
(polyglossia)                (Language="Indonesian" to langtag "")


Package polyglossia Warning: Asking to add empty feature to main font
(polyglossia)                (Language="Indonesian" to langtag "")

[17]

Package polyglossia Warning: Asking to add empty feature to main font
(polyglossia)                (Language="Indonesian" to langtag "")


Package polyglossia Warning: Asking to add empty feature to main font
(polyglossia)                (Language="Indonesian" to langtag "")


Package polyglossia Warning: Asking to add empty feature to main font
(polyglossia)                (Language="Indonesian" to langtag "")


Package polyglossia Warning: Asking to add empty feature to main font
(polyglossia)                (Language="Indonesian" to langtag "")


Package polyglossia Warning: Asking to add empty feature to main font
(polyglossia)                (Language="Indonesian" to langtag "")


Package polyglossia Warning: Asking to add empty feature to main font
(polyglossia)                (Language="Indonesian" to langtag "")


Package polyglossia Warning: Asking to add empty feature to main font
(polyglossia)                (Language="Indonesian" to langtag "")


Package polyglossia Warning: Asking to add empty feature to main font
(polyglossia)                (Language="Indonesian" to langtag "")


Package polyglossia Warning: Asking to add empty feature to main font
(polyglossia)                (Language="Indonesian" to langtag "")


Package polyglossia Warning: Asking to add empty feature to main font
(polyglossia)                (Language="Indonesian" to langtag "")


Package polyglossia Warning: Asking to add empty feature to main font
(polyglossia)                (Language="Indonesian" to langtag "")


Package polyglossia Warning: Asking to add empty feature to main font
(polyglossia)                (Language="Indonesian" to langtag "")


Package polyglossia Warning: Asking to add empty feature to main font
(polyglossia)                (Language="Indonesian" to langtag "")


Package polyglossia Warning: Asking to add empty feature to main font
(polyglossia)                (Language="Indonesian" to langtag "")


Package polyglossia Warning: Asking to add empty feature to main font
(polyglossia)                (Language="Indonesian" to langtag "")


Package polyglossia Warning: Asking to add empty feature to main font
(polyglossia)                (Language="Indonesian" to langtag "")


Package polyglossia Warning: Asking to add empty feature to main font
(polyglossia)                (Language="Indonesian" to langtag "")


Package polyglossia Warning: Asking to add empty feature to main font
(polyglossia)                (Language="Indonesian" to langtag "")


Package polyglossia Warning: Asking to add empty feature to main font
(polyglossia)                (Language="Indonesian" to langtag "")


Package polyglossia Warning: Asking to add empty feature to main font
(polyglossia)                (Language="Indonesian" to langtag "")


Package polyglossia Warning: Asking to add empty feature to main font
(polyglossia)                (Language="Indonesian" to langtag "")


Overfull \hbox (6.86388pt too wide) in paragraph at lines 68--68
 [][] [][][]\TU/TimesNewRoman(0)/m/n/12 Perkembangan Portofolio dan Rasio Keuan
gan PT Bank Man- 
 []


Package polyglossia Warning: Asking to add empty feature to main font
(polyglossia)                (Language="Indonesian" to langtag "")


Package polyglossia Warning: Asking to add empty feature to main font
(polyglossia)                (Language="Indonesian" to langtag "")


Package polyglossia Warning: Asking to add empty feature to main font
(polyglossia)                (Language="Indonesian" to langtag "")


Overfull \hbox (4.19786pt too wide) in paragraph at lines 69--69
 [][] [][][]\TU/TimesNewRoman(0)/m/n/12 Perkembangan Portofolio dan Rasio Keuan
gan PT Bank Cen- 
 []


Package polyglossia Warning: Asking to add empty feature to main font
(polyglossia)                (Language="Indonesian" to langtag "")


Package polyglossia Warning: Asking to add empty feature to main font
(polyglossia)                (Language="Indonesian" to langtag "")


Package polyglossia Warning: Asking to add empty feature to main font
(polyglossia)                (Language="Indonesian" to langtag "")


Package polyglossia Warning: Asking to add empty feature to main font
(polyglossia)                (Language="Indonesian" to langtag "")


Package polyglossia Warning: Asking to add empty feature to main font
(polyglossia)                (Language="Indonesian" to langtag "")


Package polyglossia Warning: Asking to add empty feature to main font
(polyglossia)                (Language="Indonesian" to langtag "")


Package polyglossia Warning: Asking to add empty feature to main font
(polyglossia)                (Language="Indonesian" to langtag "")


Package polyglossia Warning: Asking to add empty feature to main font
(polyglossia)                (Language="Indonesian" to langtag "")


Package polyglossia Warning: Asking to add empty feature to main font
(polyglossia)                (Language="Indonesian" to langtag "")


Package polyglossia Warning: Asking to add empty feature to main font
(polyglossia)                (Language="Indonesian" to langtag "")


Package polyglossia Warning: Asking to add empty feature to main font
(polyglossia)                (Language="Indonesian" to langtag "")


Package polyglossia Warning: Asking to add empty feature to main font
(polyglossia)                (Language="Indonesian" to langtag "")


Package polyglossia Warning: Asking to add empty feature to main font
(polyglossia)                (Language="Indonesian" to langtag "")


Package polyglossia Warning: Asking to add empty feature to main font
(polyglossia)                (Language="Indonesian" to langtag "")


Package polyglossia Warning: Asking to add empty feature to main font
(polyglossia)                (Language="Indonesian" to langtag "")


Package polyglossia Warning: Asking to add empty feature to main font
(polyglossia)                (Language="Indonesian" to langtag "")


Package polyglossia Warning: Asking to add empty feature to main font
(polyglossia)                (Language="Indonesian" to langtag "")


Package polyglossia Warning: Asking to add empty feature to main font
(polyglossia)                (Language="Indonesian" to langtag "")


Package polyglossia Warning: Asking to add empty feature to main font
(polyglossia)                (Language="Indonesian" to langtag "")


Package polyglossia Warning: Asking to add empty feature to main font
(polyglossia)                (Language="Indonesian" to langtag "")


Package polyglossia Warning: Asking to add empty feature to main font
(polyglossia)                (Language="Indonesian" to langtag "")


Package polyglossia Warning: Asking to add empty feature to main font
(polyglossia)                (Language="Indonesian" to langtag "")


Package polyglossia Warning: Asking to add empty feature to main font
(polyglossia)                (Language="Indonesian" to langtag "")


Package polyglossia Warning: Asking to add empty feature to main font
(polyglossia)                (Language="Indonesian" to langtag "")


Package polyglossia Warning: Asking to add empty feature to main font
(polyglossia)                (Language="Indonesian" to langtag "")


Package polyglossia Warning: Asking to add empty feature to main font
(polyglossia)                (Language="Indonesian" to langtag "")


Package polyglossia Warning: Asking to add empty feature to main font
(polyglossia)                (Language="Indonesian" to langtag "")


Package polyglossia Warning: Asking to add empty feature to main font
(polyglossia)                (Language="Indonesian" to langtag "")


Package polyglossia Warning: Asking to add empty feature to main font
(polyglossia)                (Language="Indonesian" to langtag "")


Package polyglossia Warning: Asking to add empty feature to main font
(polyglossia)                (Language="Indonesian" to langtag "")


Package polyglossia Warning: Asking to add empty feature to main font
(polyglossia)                (Language="Indonesian" to langtag "")


Package polyglossia Warning: Asking to add empty feature to main font
(polyglossia)                (Language="Indonesian" to langtag "")


Package polyglossia Warning: Asking to add empty feature to main font
(polyglossia)                (Language="Indonesian" to langtag "")


Package polyglossia Warning: Asking to add empty feature to main font
(polyglossia)                (Language="Indonesian" to langtag "")


Package polyglossia Warning: Asking to add empty feature to main font
(polyglossia)                (Language="Indonesian" to langtag "")


Package polyglossia Warning: Asking to add empty feature to main font
(polyglossia)                (Language="Indonesian" to langtag "")


Overfull \hbox (11.60783pt too wide) in paragraph at lines 81--81
 [][] [][][]\TU/TimesNewRoman(0)/m/n/12 Pengujian Hipotesis 2: Pengaruh \TU/Tim
esNewRoman(0)/m/it/12 Non-Performing Loan \TU/TimesNewRoman(0)/m/n/12 (NPL) 
 []


Package polyglossia Warning: Asking to add empty feature to main font
(polyglossia)                (Language="Indonesian" to langtag "")


Package polyglossia Warning: Asking to add empty feature to main font
(polyglossia)                (Language="Indonesian" to langtag "")


Package polyglossia Warning: Asking to add empty feature to main font
(polyglossia)                (Language="Indonesian" to langtag "")


Package polyglossia Warning: Asking to add empty feature to main font
(polyglossia)                (Language="Indonesian" to langtag "")


Package polyglossia Warning: Asking to add empty feature to main font
(polyglossia)                (Language="Indonesian" to langtag "")


Package polyglossia Warning: Asking to add empty feature to main font
(polyglossia)                (Language="Indonesian" to langtag "")


Package polyglossia Warning: Asking to add empty feature to main font
(polyglossia)                (Language="Indonesian" to langtag "")


Package polyglossia Warning: Asking to add empty feature to main font
(polyglossia)                (Language="Indonesian" to langtag "")


Package polyglossia Warning: Asking to add empty feature to main font
(polyglossia)                (Language="Indonesian" to langtag "")


Package polyglossia Warning: Asking to add empty feature to main font
(polyglossia)                (Language="Indonesian" to langtag "")


Package polyglossia Warning: Asking to add empty feature to main font
(polyglossia)                (Language="Indonesian" to langtag "")


Package polyglossia Warning: Asking to add empty feature to main font
(polyglossia)                (Language="Indonesian" to langtag "")


Package polyglossia Warning: Asking to add empty feature to main font
(polyglossia)                (Language="Indonesian" to langtag "")


Package polyglossia Warning: Asking to add empty feature to main font
(polyglossia)                (Language="Indonesian" to langtag "")


Package polyglossia Warning: Asking to add empty feature to main font
(polyglossia)                (Language="Indonesian" to langtag "")


Package polyglossia Warning: Asking to add empty feature to main font
(polyglossia)                (Language="Indonesian" to langtag "")


Package polyglossia Warning: Asking to add empty feature to main font
(polyglossia)                (Language="Indonesian" to langtag "")


Package polyglossia Warning: Asking to add empty feature to main font
(polyglossia)                (Language="Indonesian" to langtag "")


Package polyglossia Warning: Asking to add empty feature to main font
(polyglossia)                (Language="Indonesian" to langtag "")


Package polyglossia Warning: Asking to add empty feature to main font
(polyglossia)                (Language="Indonesian" to langtag "")


Package polyglossia Warning: Asking to add empty feature to main font
(polyglossia)                (Language="Indonesian" to langtag "")


Package polyglossia Warning: Asking to add empty feature to main font
(polyglossia)                (Language="Indonesian" to langtag "")


Package polyglossia Warning: Asking to add empty feature to main font
(polyglossia)                (Language="Indonesian" to langtag "")


Package polyglossia Warning: Asking to add empty feature to main font
(polyglossia)                (Language="Indonesian" to langtag "")


Package polyglossia Warning: Asking to add empty feature to main font
(polyglossia)                (Language="Indonesian" to langtag "")

[18]

Package polyglossia Warning: Asking to add empty feature to main font
(polyglossia)                (Language="Indonesian" to langtag "")


Package polyglossia Warning: Asking to add empty feature to main font
(polyglossia)                (Language="Indonesian" to langtag "")


Package polyglossia Warning: Asking to add empty feature to main font
(polyglossia)                (Language="Indonesian" to langtag "")


Package polyglossia Warning: Asking to add empty feature to main font
(polyglossia)                (Language="Indonesian" to langtag "")


Package polyglossia Warning: Asking to add empty feature to main font
(polyglossia)                (Language="Indonesian" to langtag "")


Package polyglossia Warning: Asking to add empty feature to main font
(polyglossia)                (Language="Indonesian" to langtag "")


Package polyglossia Warning: Asking to add empty feature to main font
(polyglossia)                (Language="Indonesian" to langtag "")


Package polyglossia Warning: Asking to add empty feature to main font
(polyglossia)                (Language="Indonesian" to langtag "")


Package polyglossia Warning: Asking to add empty feature to main font
(polyglossia)                (Language="Indonesian" to langtag "")


Package polyglossia Warning: Asking to add empty feature to main font
(polyglossia)                (Language="Indonesian" to langtag "")


Package polyglossia Warning: Asking to add empty feature to main font
(polyglossia)                (Language="Indonesian" to langtag "")


Package polyglossia Warning: Asking to add empty feature to main font
(polyglossia)                (Language="Indonesian" to langtag "")


Package polyglossia Warning: Asking to add empty feature to main font
(polyglossia)                (Language="Indonesian" to langtag "")


Package polyglossia Warning: Asking to add empty feature to main font
(polyglossia)                (Language="Indonesian" to langtag "")


Package polyglossia Warning: Asking to add empty feature to main font
(polyglossia)                (Language="Indonesian" to langtag "")


Package polyglossia Warning: Asking to add empty feature to main font
(polyglossia)                (Language="Indonesian" to langtag "")


Package polyglossia Warning: Asking to add empty feature to main font
(polyglossia)                (Language="Indonesian" to langtag "")


Package polyglossia Warning: Asking to add empty feature to main font
(polyglossia)                (Language="Indonesian" to langtag "")


Package polyglossia Warning: Asking to add empty feature to main font
(polyglossia)                (Language="Indonesian" to langtag "")


Package polyglossia Warning: Asking to add empty feature to main font
(polyglossia)                (Language="Indonesian" to langtag "")


Package polyglossia Warning: Asking to add empty feature to main font
(polyglossia)                (Language="Indonesian" to langtag "")


Package polyglossia Warning: Asking to add empty feature to main font
(polyglossia)                (Language="Indonesian" to langtag "")


Package polyglossia Warning: Asking to add empty feature to main font
(polyglossia)                (Language="Indonesian" to langtag "")


Package polyglossia Warning: Asking to add empty feature to main font
(polyglossia)                (Language="Indonesian" to langtag "")


Package polyglossia Warning: Asking to add empty feature to main font
(polyglossia)                (Language="Indonesian" to langtag "")


Package polyglossia Warning: Asking to add empty feature to main font
(polyglossia)                (Language="Indonesian" to langtag "")


Package polyglossia Warning: Asking to add empty feature to main font
(polyglossia)                (Language="Indonesian" to langtag "")


Package polyglossia Warning: Asking to add empty feature to main font
(polyglossia)                (Language="Indonesian" to langtag "")


Package polyglossia Warning: Asking to add empty feature to main font
(polyglossia)                (Language="Indonesian" to langtag "")


Package polyglossia Warning: Asking to add empty feature to main font
(polyglossia)                (Language="Indonesian" to langtag "")


Package polyglossia Warning: Asking to add empty feature to main font
(polyglossia)                (Language="Indonesian" to langtag "")


Package polyglossia Warning: Asking to add empty feature to main font
(polyglossia)                (Language="Indonesian" to langtag "")


Package polyglossia Warning: Asking to add empty feature to main font
(polyglossia)                (Language="Indonesian" to langtag "")


Package polyglossia Warning: Asking to add empty feature to main font
(polyglossia)                (Language="Indonesian" to langtag "")


Package polyglossia Warning: Asking to add empty feature to main font
(polyglossia)                (Language="Indonesian" to langtag "")


Package polyglossia Warning: Asking to add empty feature to main font
(polyglossia)                (Language="Indonesian" to langtag "")


Package polyglossia Warning: Asking to add empty feature to main font
(polyglossia)                (Language="Indonesian" to langtag "")


Package polyglossia Warning: Asking to add empty feature to main font
(polyglossia)                (Language="Indonesian" to langtag "")


Package polyglossia Warning: Asking to add empty feature to main font
(polyglossia)                (Language="Indonesian" to langtag "")


Package polyglossia Warning: Asking to add empty feature to main font
(polyglossia)                (Language="Indonesian" to langtag "")


Package polyglossia Warning: Asking to add empty feature to main font
(polyglossia)                (Language="Indonesian" to langtag "")


Package polyglossia Warning: Asking to add empty feature to main font
(polyglossia)                (Language="Indonesian" to langtag "")


Package polyglossia Warning: Asking to add empty feature to main font
(polyglossia)                (Language="Indonesian" to langtag "")


Package polyglossia Warning: Asking to add empty feature to main font
(polyglossia)                (Language="Indonesian" to langtag "")


Package polyglossia Warning: Asking to add empty feature to main font
(polyglossia)                (Language="Indonesian" to langtag "")

)
\tf@toc=\write5
\openout5 = `skripsi_ukrida.toc'.



Package polyglossia Warning: Asking to add empty feature to main font
(polyglossia)                (Language="Indonesian" to langtag "")

[19]

Package polyglossia Warning: Asking to add empty feature to main font
(polyglossia)                (Language="Indonesian" to langtag "")

(skripsi_ukrida.lot

Package polyglossia Warning: Asking to add empty feature to main font
(polyglossia)                (Language="Indonesian" to langtag "")


Package polyglossia Warning: Asking to add empty feature to main font
(polyglossia)                (Language="Indonesian" to langtag "")


Package polyglossia Warning: Asking to add empty feature to main font
(polyglossia)                (Language="Indonesian" to langtag "")


Package polyglossia Warning: Asking to add empty feature to main font
(polyglossia)                (Language="Indonesian" to langtag "")


Package polyglossia Warning: Asking to add empty feature to main font
(polyglossia)                (Language="Indonesian" to langtag "")


Package polyglossia Warning: Asking to add empty feature to main font
(polyglossia)                (Language="Indonesian" to langtag "")


Package polyglossia Warning: Asking to add empty feature to main font
(polyglossia)                (Language="Indonesian" to langtag "")


Package polyglossia Warning: Asking to add empty feature to main font
(polyglossia)                (Language="Indonesian" to langtag "")


Package polyglossia Warning: Asking to add empty feature to main font
(polyglossia)                (Language="Indonesian" to langtag "")


Package polyglossia Warning: Asking to add empty feature to main font
(polyglossia)                (Language="Indonesian" to langtag "")


Package polyglossia Warning: Asking to add empty feature to main font
(polyglossia)                (Language="Indonesian" to langtag "")


Package polyglossia Warning: Asking to add empty feature to main font
(polyglossia)                (Language="Indonesian" to langtag "")


Package polyglossia Warning: Asking to add empty feature to main font
(polyglossia)                (Language="Indonesian" to langtag "")


Package polyglossia Warning: Asking to add empty feature to main font
(polyglossia)                (Language="Indonesian" to langtag "")


Package polyglossia Warning: Asking to add empty feature to main font
(polyglossia)                (Language="Indonesian" to langtag "")


Package polyglossia Warning: Asking to add empty feature to main font
(polyglossia)                (Language="Indonesian" to langtag "")


Package polyglossia Warning: Asking to add empty feature to main font
(polyglossia)                (Language="Indonesian" to langtag "")


Package polyglossia Warning: Asking to add empty feature to main font
(polyglossia)                (Language="Indonesian" to langtag "")


Package polyglossia Warning: Asking to add empty feature to main font
(polyglossia)                (Language="Indonesian" to langtag "")


Package polyglossia Warning: Asking to add empty feature to main font
(polyglossia)                (Language="Indonesian" to langtag "")


Package polyglossia Warning: Asking to add empty feature to main font
(polyglossia)                (Language="Indonesian" to langtag "")


Package polyglossia Warning: Asking to add empty feature to main font
(polyglossia)                (Language="Indonesian" to langtag "")


Package polyglossia Warning: Asking to add empty feature to main font
(polyglossia)                (Language="Indonesian" to langtag "")


Package polyglossia Warning: Asking to add empty feature to main font
(polyglossia)                (Language="Indonesian" to langtag "")


Package polyglossia Warning: Asking to add empty feature to main font
(polyglossia)                (Language="Indonesian" to langtag "")


Package polyglossia Warning: Asking to add empty feature to main font
(polyglossia)                (Language="Indonesian" to langtag "")


Package polyglossia Warning: Asking to add empty feature to main font
(polyglossia)                (Language="Indonesian" to langtag "")


Package polyglossia Warning: Asking to add empty feature to main font
(polyglossia)                (Language="Indonesian" to langtag "")


Package polyglossia Warning: Asking to add empty feature to main font
(polyglossia)                (Language="Indonesian" to langtag "")


Package polyglossia Warning: Asking to add empty feature to main font
(polyglossia)                (Language="Indonesian" to langtag "")


Package polyglossia Warning: Asking to add empty feature to main font
(polyglossia)                (Language="Indonesian" to langtag "")


Package polyglossia Warning: Asking to add empty feature to main font
(polyglossia)                (Language="Indonesian" to langtag "")


Package polyglossia Warning: Asking to add empty feature to main font
(polyglossia)                (Language="Indonesian" to langtag "")


Package polyglossia Warning: Asking to add empty feature to main font
(polyglossia)                (Language="Indonesian" to langtag "")


Package polyglossia Warning: Asking to add empty feature to main font
(polyglossia)                (Language="Indonesian" to langtag "")


Package polyglossia Warning: Asking to add empty feature to main font
(polyglossia)                (Language="Indonesian" to langtag "")


Package polyglossia Warning: Asking to add empty feature to main font
(polyglossia)                (Language="Indonesian" to langtag "")


Package polyglossia Warning: Asking to add empty feature to main font
(polyglossia)                (Language="Indonesian" to langtag "")


Package polyglossia Warning: Asking to add empty feature to main font
(polyglossia)                (Language="Indonesian" to langtag "")


Package polyglossia Warning: Asking to add empty feature to main font
(polyglossia)                (Language="Indonesian" to langtag "")


Package polyglossia Warning: Asking to add empty feature to main font
(polyglossia)                (Language="Indonesian" to langtag "")


Package polyglossia Warning: Asking to add empty feature to main font
(polyglossia)                (Language="Indonesian" to langtag "")


Package polyglossia Warning: Asking to add empty feature to main font
(polyglossia)                (Language="Indonesian" to langtag "")


Package polyglossia Warning: Asking to add empty feature to main font
(polyglossia)                (Language="Indonesian" to langtag "")


Package polyglossia Warning: Asking to add empty feature to main font
(polyglossia)                (Language="Indonesian" to langtag "")


Package polyglossia Warning: Asking to add empty feature to main font
(polyglossia)                (Language="Indonesian" to langtag "")


Package polyglossia Warning: Asking to add empty feature to main font
(polyglossia)                (Language="Indonesian" to langtag "")


Package polyglossia Warning: Asking to add empty feature to main font
(polyglossia)                (Language="Indonesian" to langtag "")


Package polyglossia Warning: Asking to add empty feature to main font
(polyglossia)                (Language="Indonesian" to langtag "")


Package polyglossia Warning: Asking to add empty feature to main font
(polyglossia)                (Language="Indonesian" to langtag "")


Package polyglossia Warning: Asking to add empty feature to main font
(polyglossia)                (Language="Indonesian" to langtag "")


Package polyglossia Warning: Asking to add empty feature to main font
(polyglossia)                (Language="Indonesian" to langtag "")


Package polyglossia Warning: Asking to add empty feature to main font
(polyglossia)                (Language="Indonesian" to langtag "")


Package polyglossia Warning: Asking to add empty feature to main font
(polyglossia)                (Language="Indonesian" to langtag "")


Package polyglossia Warning: Asking to add empty feature to main font
(polyglossia)                (Language="Indonesian" to langtag "")


Package polyglossia Warning: Asking to add empty feature to main font
(polyglossia)                (Language="Indonesian" to langtag "")


Package polyglossia Warning: Asking to add empty feature to main font
(polyglossia)                (Language="Indonesian" to langtag "")


Package polyglossia Warning: Asking to add empty feature to main font
(polyglossia)                (Language="Indonesian" to langtag "")


Package polyglossia Warning: Asking to add empty feature to main font
(polyglossia)                (Language="Indonesian" to langtag "")


Package polyglossia Warning: Asking to add empty feature to main font
(polyglossia)                (Language="Indonesian" to langtag "")


Package polyglossia Warning: Asking to add empty feature to main font
(polyglossia)                (Language="Indonesian" to langtag "")


Package polyglossia Warning: Asking to add empty feature to main font
(polyglossia)                (Language="Indonesian" to langtag "")


Package polyglossia Warning: Asking to add empty feature to main font
(polyglossia)                (Language="Indonesian" to langtag "")


Package polyglossia Warning: Asking to add empty feature to main font
(polyglossia)                (Language="Indonesian" to langtag "")


Package polyglossia Warning: Asking to add empty feature to main font
(polyglossia)                (Language="Indonesian" to langtag "")


Package polyglossia Warning: Asking to add empty feature to main font
(polyglossia)                (Language="Indonesian" to langtag "")


Package polyglossia Warning: Asking to add empty feature to main font
(polyglossia)                (Language="Indonesian" to langtag "")


Package polyglossia Warning: Asking to add empty feature to main font
(polyglossia)                (Language="Indonesian" to langtag "")


Package polyglossia Warning: Asking to add empty feature to main font
(polyglossia)                (Language="Indonesian" to langtag "")


Package polyglossia Warning: Asking to add empty feature to main font
(polyglossia)                (Language="Indonesian" to langtag "")


Package polyglossia Warning: Asking to add empty feature to main font
(polyglossia)                (Language="Indonesian" to langtag "")


Package polyglossia Warning: Asking to add empty feature to main font
(polyglossia)                (Language="Indonesian" to langtag "")


Package polyglossia Warning: Asking to add empty feature to main font
(polyglossia)                (Language="Indonesian" to langtag "")


Package polyglossia Warning: Asking to add empty feature to main font
(polyglossia)                (Language="Indonesian" to langtag "")


Package polyglossia Warning: Asking to add empty feature to main font
(polyglossia)                (Language="Indonesian" to langtag "")


Package polyglossia Warning: Asking to add empty feature to main font
(polyglossia)                (Language="Indonesian" to langtag "")


Package polyglossia Warning: Asking to add empty feature to main font
(polyglossia)                (Language="Indonesian" to langtag "")


Package polyglossia Warning: Asking to add empty feature to main font
(polyglossia)                (Language="Indonesian" to langtag "")


Package polyglossia Warning: Asking to add empty feature to main font
(polyglossia)                (Language="Indonesian" to langtag "")


Package polyglossia Warning: Asking to add empty feature to main font
(polyglossia)                (Language="Indonesian" to langtag "")

)
\tf@lot=\write6
\openout6 = `skripsi_ukrida.lot'.



Package polyglossia Warning: Asking to add empty feature to main font
(polyglossia)                (Language="Indonesian" to langtag "")

[20]

Package polyglossia Warning: Asking to add empty feature to main font
(polyglossia)                (Language="Indonesian" to langtag "")

(skripsi_ukrida.lof

Package polyglossia Warning: Asking to add empty feature to main font
(polyglossia)                (Language="Indonesian" to langtag "")


Package polyglossia Warning: Asking to add empty feature to main font
(polyglossia)                (Language="Indonesian" to langtag "")


Package polyglossia Warning: Asking to add empty feature to main font
(polyglossia)                (Language="Indonesian" to langtag "")


Package polyglossia Warning: Asking to add empty feature to main font
(polyglossia)                (Language="Indonesian" to langtag "")

)
\tf@lof=\write7
\openout7 = `skripsi_ukrida.lof'.



Package polyglossia Warning: Asking to add empty feature to main font
(polyglossia)                (Language="Indonesian" to langtag "")

[21]

Package polyglossia Warning: Asking to add empty feature to main font
(polyglossia)                (Language="Indonesian" to langtag "")


Package polyglossia Warning: Asking to add empty feature to main font
(polyglossia)                (Language="Indonesian" to langtag "")


Package polyglossia Warning: Asking to add empty feature to main font
(polyglossia)                (Language="Indonesian" to langtag "")

[1]

Package polyglossia Warning: Asking to add empty feature to main font
(polyglossia)                (Language="Indonesian" to langtag "")


Package polyglossia Warning: Asking to add empty feature to main font
(polyglossia)                (Language="Indonesian" to langtag "")

[2]

Package polyglossia Warning: Asking to add empty feature to main font
(polyglossia)                (Language="Indonesian" to langtag "")


Package polyglossia Warning: Asking to add empty feature to main font
(polyglossia)                (Language="Indonesian" to langtag "")


Package polyglossia Warning: Asking to add empty feature to main font
(polyglossia)                (Language="Indonesian" to langtag "")


Package polyglossia Warning: Asking to add empty feature to main font
(polyglossia)                (Language="Indonesian" to langtag "")


Package polyglossia Warning: Asking to add empty feature to main font
(polyglossia)                (Language="Indonesian" to langtag "")


Package polyglossia Warning: Asking to add empty feature to main font
(polyglossia)                (Language="Indonesian" to langtag "")


Package polyglossia Warning: Asking to add empty feature to main font
(polyglossia)                (Language="Indonesian" to langtag "")


Package polyglossia Warning: Asking to add empty feature to main font
(polyglossia)                (Language="Indonesian" to langtag "")


Package polyglossia Warning: Asking to add empty feature to main font
(polyglossia)                (Language="Indonesian" to langtag "")


Package polyglossia Warning: Asking to add empty feature to main font
(polyglossia)                (Language="Indonesian" to langtag "")


Package polyglossia Warning: Asking to add empty feature to main font
(polyglossia)                (Language="Indonesian" to langtag "")


Package polyglossia Warning: Asking to add empty feature to main font
(polyglossia)                (Language="Indonesian" to langtag "")

[3]

Package polyglossia Warning: Asking to add empty feature to main font
(polyglossia)                (Language="Indonesian" to langtag "")


Package polyglossia Warning: Asking to add empty feature to main font
(polyglossia)                (Language="Indonesian" to langtag "")


Package polyglossia Warning: Asking to add empty feature to main font
(polyglossia)                (Language="Indonesian" to langtag "")


Overfull \hbox (2.71405pt too wide) in paragraph at lines 700--701
[]\TU/TimesNewRoman(0)/b/n/12 Kelompok Pendukung Efek Positif (\TU/TimesNewRoma
n(0)/b/it/12 Value-Enhancing View\TU/TimesNewRoman(0)/b/n/12 ): \TU/TimesNewRom
an(0)/m/n/12 Berdasarkan *Sta-
 []


Overfull \hbox (1.43759pt too wide) in paragraph at lines 700--701
\TU/TimesNewRoman(0)/m/n/12 keholder Theory* dan *Legitimacy Theory*, peneliti 
seperti [][]Pramono et al.[][] ([][]2022[][]),
 []


Package polyglossia Warning: Asking to add empty feature to main font
(polyglossia)                (Language="Indonesian" to langtag "")


Package polyglossia Warning: Asking to add empty feature to main font
(polyglossia)                (Language="Indonesian" to langtag "")

[4]

Package polyglossia Warning: Asking to add empty feature to main font
(polyglossia)                (Language="Indonesian" to langtag "")


Overfull \hbox (1.74419pt too wide) in paragraph at lines 707--707
|\TU/TimesNewRoman(0)/b/n/12 Dinamika Kebijakan Insentif Makroprudensial Hijau 
Bank Indonesia dan OJK
 []


Overfull \hbox (5.12225pt too wide) in paragraph at lines 711--712
[]\TU/TimesNewRoman(0)/b/n/12 Kebijakan Insentif Likuiditas Makroprudensial (KL
M): \TU/TimesNewRoman(0)/m/n/12 Bank Indonesia mem-
 []


Overfull \hbox (0.52237pt too wide) in paragraph at lines 713--714
[]\TU/TimesNewRoman(0)/b/n/12 Pemberlakuan Taksonomi Keuangan Berkelanjutan Ind
onesia (TKBI): \TU/TimesNewRoman(0)/m/n/12 OJK
 []


Package polyglossia Warning: Asking to add empty feature to main font
(polyglossia)                (Language="Indonesian" to langtag "")

[5]

Package polyglossia Warning: Asking to add empty feature to main font
(polyglossia)                (Language="Indonesian" to langtag "")


Overfull \hbox (13.2444pt too wide) in paragraph at lines 729--730
[]\TU/TimesNewRoman(0)/m/n/12 Fluktuasi risiko kredit bermasalah (\TU/TimesNewR
oman(0)/m/it/12 Non-Performing Loan \TU/TimesNewRoman(0)/m/n/12 / NPL) pasca-be
rakhirnya
 []


Package polyglossia Warning: Asking to add empty feature to main font
(polyglossia)                (Language="Indonesian" to langtag "")


Package polyglossia Warning: Asking to add empty feature to main font
(polyglossia)                (Language="Indonesian" to langtag "")

[6]

Package polyglossia Warning: Asking to add empty feature to main font
(polyglossia)                (Language="Indonesian" to langtag "")


Overfull \hbox (2.00949pt too wide) in paragraph at lines 751--752
[]\TU/TimesNewRoman(0)/m/n/12 Apakah Portofolio Kredit Hijau (\TU/TimesNewRoman
(0)/m/it/12 Green Financing\TU/TimesNewRoman(0)/m/n/12 ), \TU/TimesNewRoman(0)/
m/it/12 Non-Performing Loan \TU/TimesNewRoman(0)/m/n/12 (NPL),
 []


Package polyglossia Warning: Asking to add empty feature to main font
(polyglossia)                (Language="Indonesian" to langtag "")


Package polyglossia Warning: Asking to add empty feature to main font
(polyglossia)                (Language="Indonesian" to langtag "")


Package polyglossia Warning: Asking to add empty feature to main font
(polyglossia)                (Language="Indonesian" to langtag "")


Package polyglossia Warning: Asking to add empty feature to main font
(polyglossia)                (Language="Indonesian" to langtag "")

[7]

Package polyglossia Warning: Asking to add empty feature to main font
(polyglossia)                (Language="Indonesian" to langtag "")


Overfull \hbox (0.16336pt too wide) in paragraph at lines 777--778
[]\TU/TimesNewRoman(0)/b/n/12 Bagi Regulator (Otoritas Jasa Keuangan & Bank Ind
onesia): \TU/TimesNewRoman(0)/m/n/12 Menjadi bahan
 []


Package polyglossia Warning: Asking to add empty feature to main font
(polyglossia)                (Language="Indonesian" to langtag "")


Package polyglossia Warning: Asking to add empty feature to main font
(polyglossia)                (Language="Indonesian" to langtag "")

[8]

Package polyglossia Warning: Asking to add empty feature to main font
(polyglossia)                (Language="Indonesian" to langtag "")

[9]

Package polyglossia Warning: Asking to add empty feature to main font
(polyglossia)                (Language="Indonesian" to langtag "")


Package polyglossia Warning: Asking to add empty feature to main font
(polyglossia)                (Language="Indonesian" to langtag "")


Package polyglossia Warning: Asking to add empty feature to main font
(polyglossia)                (Language="Indonesian" to langtag "")


Overfull \hbox (0.16922pt too wide) in paragraph at lines 828--830
\TU/TimesNewRoman(0)/m/n/12 mangku kepentingan ini pada akhirnya bermuara pada 
peningkatan kinerja keuangan
 []


Package polyglossia Warning: Asking to add empty feature to main font
(polyglossia)                (Language="Indonesian" to langtag "")


Package polyglossia Warning: Asking to add empty feature to main font
(polyglossia)                (Language="Indonesian" to langtag "")

[10]

Package polyglossia Warning: Asking to add empty feature to main font
(polyglossia)                (Language="Indonesian" to langtag "")


Package polyglossia Warning: Asking to add empty feature to main font
(polyglossia)                (Language="Indonesian" to langtag "")


Overfull \hbox (33.51416pt too wide) in paragraph at lines 846--848
\TU/TimesNewRoman(0)/m/n/12 langka (*rare*), sulit ditiru (*inimitable*), dan t
idak dapat digantikan (*non-substitutable*). 
 []


Package polyglossia Warning: Asking to add empty feature to main font
(polyglossia)                (Language="Indonesian" to langtag "")

[11]

Package polyglossia Warning: Asking to add empty feature to main font
(polyglossia)                (Language="Indonesian" to langtag "")


Package polyglossia Warning: Asking to add empty feature to main font
(polyglossia)                (Language="Indonesian" to langtag "")

[12]

Package polyglossia Warning: Asking to add empty feature to main font
(polyglossia)                (Language="Indonesian" to langtag "")


Package polyglossia Warning: Asking to add empty feature to main font
(polyglossia)                (Language="Indonesian" to langtag "")


Package polyglossia Warning: Asking to add empty feature to main font
(polyglossia)                (Language="Indonesian" to langtag "")


Package polyglossia Warning: Asking to add empty feature to main font
(polyglossia)                (Language="Indonesian" to langtag "")


Package polyglossia Warning: Asking to add empty feature to main font
(polyglossia)                (Language="Indonesian" to langtag "")


Package polyglossia Warning: Asking to add empty feature to main font
(polyglossia)                (Language="Indonesian" to langtag "")

[13]
Overfull \hbox (18.91432pt too wide) in paragraph at lines 882--884
\TU/TimesNewRoman(0)/m/n/12 Sesuai dengan ketentuan OJK melalui Surat Edaran Ba
nk Indonesia Nomor 13/24/DPNP
 []


Package polyglossia Warning: Asking to add empty feature to main font
(polyglossia)                (Language="Indonesian" to langtag "")


Package polyglossia Warning: Asking to add empty feature to main font
(polyglossia)                (Language="Indonesian" to langtag "")


Package polyglossia Warning: Asking to add empty feature to main font
(polyglossia)                (Language="Indonesian" to langtag "")


Package polyglossia Warning: Asking to add empty feature to main font
(polyglossia)                (Language="Indonesian" to langtag "")


Package polyglossia Warning: Asking to add empty feature to main font
(polyglossia)                (Language="Indonesian" to langtag "")


Package polyglossia Warning: Asking to add empty feature to main font
(polyglossia)                (Language="Indonesian" to langtag "")


Package polyglossia Warning: Asking to add empty feature to main font
(polyglossia)                (Language="Indonesian" to langtag "")


Package polyglossia Warning: Asking to add empty feature to main font
(polyglossia)                (Language="Indonesian" to langtag "")


Package polyglossia Warning: Asking to add empty feature to main font
(polyglossia)                (Language="Indonesian" to langtag "")

[14]

Package polyglossia Warning: Asking to add empty feature to main font
(polyglossia)                (Language="Indonesian" to langtag "")


Overfull \hbox (28.54564pt too wide) detected at line 922
[][][][] \OT1/cmr/m/n/12 = [] \OMS/cmsy/m/n/12 ^^B \OT1/cmr/m/n/12 100[]
 []


Package polyglossia Warning: Asking to add empty feature to main font
(polyglossia)                (Language="Indonesian" to langtag "")


Package polyglossia Warning: Asking to add empty feature to main font
(polyglossia)                (Language="Indonesian" to langtag "")


Package polyglossia Warning: Asking to add empty feature to main font
(polyglossia)                (Language="Indonesian" to langtag "")


Package polyglossia Warning: Asking to add empty feature to main font
(polyglossia)                (Language="Indonesian" to langtag "")


Package polyglossia Warning: Asking to add empty feature to main font
(polyglossia)                (Language="Indonesian" to langtag "")


Package polyglossia Warning: Asking to add empty feature to main font
(polyglossia)                (Language="Indonesian" to langtag "")


Package polyglossia Warning: Asking to add empty feature to main font
(polyglossia)                (Language="Indonesian" to langtag "")


Package polyglossia Warning: Asking to add empty feature to main font
(polyglossia)                (Language="Indonesian" to langtag "")


Package polyglossia Warning: Asking to add empty feature to main font
(polyglossia)                (Language="Indonesian" to langtag "")


Package polyglossia Warning: Asking to add empty feature to main font
(polyglossia)                (Language="Indonesian" to langtag "")

[15]

Package polyglossia Warning: Asking to add empty feature to main font
(polyglossia)                (Language="Indonesian" to langtag "")


Package polyglossia Warning: Asking to add empty feature to main font
(polyglossia)                (Language="Indonesian" to langtag "")


Package polyglossia Warning: Asking to add empty feature to main font
(polyglossia)                (Language="Indonesian" to langtag "")


Package polyglossia Warning: Asking to add empty feature to main font
(polyglossia)                (Language="Indonesian" to langtag "")


Package polyglossia Warning: Asking to add empty feature to main font
(polyglossia)                (Language="Indonesian" to langtag "")


Package polyglossia Warning: Asking to add empty feature to main font
(polyglossia)                (Language="Indonesian" to langtag "")


Package polyglossia Warning: Asking to add empty feature to main font
(polyglossia)                (Language="Indonesian" to langtag "")

[16]

Package polyglossia Warning: Asking to add empty feature to main font
(polyglossia)                (Language="Indonesian" to langtag "")


Package polyglossia Warning: Asking to add empty feature to main font
(polyglossia)                (Language="Indonesian" to langtag "")


Package polyglossia Warning: Asking to add empty feature to main font
(polyglossia)                (Language="Indonesian" to langtag "")


Package polyglossia Warning: Asking to add empty feature to main font
(polyglossia)                (Language="Indonesian" to langtag "")


Package polyglossia Warning: Asking to add empty feature to main font
(polyglossia)                (Language="Indonesian" to langtag "")


Package polyglossia Warning: Asking to add empty feature to main font
(polyglossia)                (Language="Indonesian" to langtag "")

[17]

Package polyglossia Warning: Asking to add empty feature to main font
(polyglossia)                (Language="Indonesian" to langtag "")


Overfull \hbox (13.9199pt too wide) in paragraph at lines 994--997
\TU/TimesNewRoman(0)/m/n/12 yang diidentifikasi oleh *Task Force on Climate-rel
ated Financial Disclosures* (TCFD)
 []


Package polyglossia Warning: Asking to add empty feature to main font
(polyglossia)                (Language="Indonesian" to langtag "")


Package polyglossia Warning: Asking to add empty feature to main font
(polyglossia)                (Language="Indonesian" to langtag "")

[18]
Overfull \hbox (5.74217pt too wide) in paragraph at lines 1010--1011
[]\TU/TimesNewRoman(0)/b/n/12 Jalur Kualitas Debitur dan Beban Provisi (*Credit
 Risk & Provisioning Chan-
 []


Package polyglossia Warning: Asking to add empty feature to main font
(polyglossia)                (Language="Indonesian" to langtag "")


Overfull \hbox (2.19647pt too wide) in paragraph at lines 1015--1018
\TU/TimesNewRoman(0)/m/n/12 seperti Indonesia memiliki dinamika struktural yang
 berbeda dibandingkan di negara-
 []


Overfull \hbox (10.50516pt too wide) in paragraph at lines 1019--1020
\TU/TimesNewRoman(0)/m/n/12 diaudit secara independen masih terbatas di pasar n
egara berkembang dibandingkan
 []


Package polyglossia Warning: Asking to add empty feature to main font
(polyglossia)                (Language="Indonesian" to langtag "")

[19]

Package polyglossia Warning: Asking to add empty feature to main font
(polyglossia)                (Language="Indonesian" to langtag "")


Package polyglossia Warning: Asking to add empty feature to main font
(polyglossia)                (Language="Indonesian" to langtag "")


Package polyglossia Warning: Asking to add empty feature to main font
(polyglossia)                (Language="Indonesian" to langtag "")


Package polyglossia Warning: Asking to add empty feature to main font
(polyglossia)                (Language="Indonesian" to langtag "")


Package polyglossia Warning: Asking to add empty feature to main font
(polyglossia)                (Language="Indonesian" to langtag "")

[20]
Overfull \vbox (114.26715pt too high) has occurred while \output is active []



Package polyglossia Warning: Asking to add empty feature to main font
(polyglossia)                (Language="Indonesian" to langtag "")

[21]

Package polyglossia Warning: Asking to add empty feature to main font
(polyglossia)                (Language="Indonesian" to langtag "")


Package polyglossia Warning: Asking to add empty feature to main font
(polyglossia)                (Language="Indonesian" to langtag "")


Overfull \vbox (10.02338pt too high) has occurred while \output is active []



Package polyglossia Warning: Asking to add empty feature to main font
(polyglossia)                (Language="Indonesian" to langtag "")

[22]

Package polyglossia Warning: Asking to add empty feature to main font
(polyglossia)                (Language="Indonesian" to langtag "")


Package polyglossia Warning: Asking to add empty feature to main font
(polyglossia)                (Language="Indonesian" to langtag "")


Overfull \vbox (24.91534pt too high) has occurred while \output is active []



Package polyglossia Warning: Asking to add empty feature to main font
(polyglossia)                (Language="Indonesian" to langtag "")

[23]

Package polyglossia Warning: Asking to add empty feature to main font
(polyglossia)                (Language="Indonesian" to langtag "")


Package polyglossia Warning: Asking to add empty feature to main font
(polyglossia)                (Language="Indonesian" to langtag "")


Overfull \hbox (35.07347pt too wide) in paragraph at lines 1140--1141
 [][] 
 []


Package polyglossia Warning: Asking to add empty feature to main font
(polyglossia)                (Language="Indonesian" to langtag "")


Package polyglossia Warning: Asking to add empty feature to main font
(polyglossia)                (Language="Indonesian" to langtag "")


Package polyglossia Warning: Asking to add empty feature to main font
(polyglossia)                (Language="Indonesian" to langtag "")


Package polyglossia Warning: Asking to add empty feature to main font
(polyglossia)                (Language="Indonesian" to langtag "")

[24]

Package polyglossia Warning: Asking to add empty feature to main font
(polyglossia)                (Language="Indonesian" to langtag "")


Overfull \hbox (2.41687pt too wide) in paragraph at lines 1160--1162
\TU/TimesNewRoman(0)/m/n/12 kualitas aktiva produktif merupakan pilar determina
n utama kesehatan finansial bank.
 []


Package polyglossia Warning: Asking to add empty feature to main font
(polyglossia)                (Language="Indonesian" to langtag "")

[25]

Package polyglossia Warning: Asking to add empty feature to main font
(polyglossia)                (Language="Indonesian" to langtag "")


Package polyglossia Warning: Asking to add empty feature to main font
(polyglossia)                (Language="Indonesian" to langtag "")


Package polyglossia Warning: Asking to add empty feature to main font
(polyglossia)                (Language="Indonesian" to langtag "")

[26]

Package polyglossia Warning: Asking to add empty feature to main font
(polyglossia)                (Language="Indonesian" to langtag "")

[27]

Package polyglossia Warning: Asking to add empty feature to main font
(polyglossia)                (Language="Indonesian" to langtag "")


Package polyglossia Warning: Asking to add empty feature to main font
(polyglossia)                (Language="Indonesian" to langtag "")


Overfull \hbox (5.60751pt too wide) in paragraph at lines 1202--1204
\TU/TimesNewRoman(0)/m/n/12 bungan sebab-akibat antara variabel independen, yai
tu Portofolio Kredit Hijau (\TU/TimesNewRoman(0)/m/it/12 Green
 []


Package polyglossia Warning: Asking to add empty feature to main font
(polyglossia)                (Language="Indonesian" to langtag "")


Package polyglossia Warning: Asking to add empty feature to main font
(polyglossia)                (Language="Indonesian" to langtag "")


Package polyglossia Warning: Asking to add empty feature to main font
(polyglossia)                (Language="Indonesian" to langtag "")


Overfull \hbox (0.48784pt too wide) in paragraph at lines 1218--1219
\TU/TimesNewRoman(0)/m/n/12 No. 12/POJK.03/2021 secara konsisten berturut-turut
 selama periode 2021–2025. 
 []


Package polyglossia Warning: Asking to add empty feature to main font
(polyglossia)                (Language="Indonesian" to langtag "")

[28]

Package polyglossia Warning: Asking to add empty feature to main font
(polyglossia)                (Language="Indonesian" to langtag "")


Package polyglossia Warning: Asking to add empty feature to main font
(polyglossia)                (Language="Indonesian" to langtag "")


Package polyglossia Warning: Asking to add empty feature to main font
(polyglossia)                (Language="Indonesian" to langtag "")


Package polyglossia Warning: Asking to add empty feature to main font
(polyglossia)                (Language="Indonesian" to langtag "")

[29]

Package polyglossia Warning: Asking to add empty feature to main font
(polyglossia)                (Language="Indonesian" to langtag "")


Package polyglossia Warning: Asking to add empty feature to main font
(polyglossia)                (Language="Indonesian" to langtag "")


Package polyglossia Warning: Asking to add empty feature to main font
(polyglossia)                (Language="Indonesian" to langtag "")


Package polyglossia Warning: Asking to add empty feature to main font
(polyglossia)                (Language="Indonesian" to langtag "")

Package microtype Info: Loading generic protrusion settings for font family
(microtype)             `lmtt' (encoding: TU).
(microtype)             For optimal results, create family-specific settings.
(microtype)             See the microtype manual for details.

Package polyglossia Warning: Asking to add empty feature to main font
(polyglossia)                (Language="Indonesian" to langtag "")


Overfull \hbox (3.95233pt too wide) in paragraph at lines 1265--1266
[]\TU/TimesNewRoman(0)/m/n/12 Laporan Keuangan Publikasi Triwulanan dan Tahunan
 (*Annual Report*) masing-
 []


Package polyglossia Warning: Asking to add empty feature to main font
(polyglossia)                (Language="Indonesian" to langtag "")


Package polyglossia Warning: Asking to add empty feature to main font
(polyglossia)                (Language="Indonesian" to langtag "")


Package polyglossia Warning: Asking to add empty feature to main font
(polyglossia)                (Language="Indonesian" to langtag "")


Package polyglossia Warning: Asking to add empty feature to main font
(polyglossia)                (Language="Indonesian" to langtag "")


Package polyglossia Warning: Asking to add empty feature to main font
(polyglossia)                (Language="Indonesian" to langtag "")


Package polyglossia Warning: Asking to add empty feature to main font
(polyglossia)                (Language="Indonesian" to langtag "")


Overfull \hbox (14.21895pt too wide) in paragraph at lines 1296--1296
 [] \OMS/cmsy/m/n/10.95 ^^B 
 []


Overfull \hbox (14.21895pt too wide) in paragraph at lines 1296--1296
 [] \OMS/cmsy/m/n/10.95 ^^B 
 []


Overfull \hbox (11.7969pt too wide) in paragraph at lines 1296--1296
 [] \OMS/cmsy/m/n/10.95 ^^B 
 []


Package polyglossia Warning: Asking to add empty feature to main font
(polyglossia)                (Language="Indonesian" to langtag "")

[30]
Overfull \vbox (273.8277pt too high) has occurred while \output is active []



Package polyglossia Warning: Asking to add empty feature to main font
(polyglossia)                (Language="Indonesian" to langtag "")

[31]

Package polyglossia Warning: Asking to add empty feature to main font
(polyglossia)                (Language="Indonesian" to langtag "")


Package polyglossia Warning: Asking to add empty feature to main font
(polyglossia)                (Language="Indonesian" to langtag "")


Package polyglossia Warning: Asking to add empty feature to main font
(polyglossia)                (Language="Indonesian" to langtag "")


Package polyglossia Warning: Asking to add empty feature to main font
(polyglossia)                (Language="Indonesian" to langtag "")


Package polyglossia Warning: Asking to add empty feature to main font
(polyglossia)                (Language="Indonesian" to langtag "")


Package polyglossia Warning: Asking to add empty feature to main font
(polyglossia)                (Language="Indonesian" to langtag "")


Package polyglossia Warning: Asking to add empty feature to main font
(polyglossia)                (Language="Indonesian" to langtag "")


Package polyglossia Warning: Asking to add empty feature to main font
(polyglossia)                (Language="Indonesian" to langtag "")


Package polyglossia Warning: Asking to add empty feature to main font
(polyglossia)                (Language="Indonesian" to langtag "")


Package polyglossia Warning: Asking to add empty feature to main font
(polyglossia)                (Language="Indonesian" to langtag "")


Package polyglossia Warning: Asking to add empty feature to main font
(polyglossia)                (Language="Indonesian" to langtag "")


Package polyglossia Warning: Asking to add empty feature to main font
(polyglossia)                (Language="Indonesian" to langtag "")


Package polyglossia Warning: Asking to add empty feature to main font
(polyglossia)                (Language="Indonesian" to langtag "")


Package polyglossia Warning: Asking to add empty feature to main font
(polyglossia)                (Language="Indonesian" to langtag "")


Package polyglossia Warning: Asking to add empty feature to main font
(polyglossia)                (Language="Indonesian" to langtag "")


Package polyglossia Warning: Asking to add empty feature to main font
(polyglossia)                (Language="Indonesian" to langtag "")

[32]

Package polyglossia Warning: Asking to add empty feature to main font
(polyglossia)                (Language="Indonesian" to langtag "")


Overfull \hbox (0.47273pt too wide) in paragraph at lines 1343--1344
\TU/TimesNewRoman(0)/m/n/12 (*unobserved heterogeneity*) yang tercermin dalam p
erbedaan nilai intersep ($\OML/cmm/m/it/12 ^^K[]$\TU/TimesNewRoman(0)/m/n/12 ),

 []


Package polyglossia Warning: Asking to add empty feature to main font
(polyglossia)                (Language="Indonesian" to langtag "")


Package polyglossia Warning: Asking to add empty feature to main font
(polyglossia)                (Language="Indonesian" to langtag "")


Package polyglossia Warning: Asking to add empty feature to main font
(polyglossia)                (Language="Indonesian" to langtag "")


Package polyglossia Warning: Asking to add empty feature to main font
(polyglossia)                (Language="Indonesian" to langtag "")


Package polyglossia Warning: Asking to add empty feature to main font
(polyglossia)                (Language="Indonesian" to langtag "")


Package polyglossia Warning: Asking to add empty feature to main font
(polyglossia)                (Language="Indonesian" to langtag "")


Package polyglossia Warning: Asking to add empty feature to main font
(polyglossia)                (Language="Indonesian" to langtag "")


Package polyglossia Warning: Asking to add empty feature to main font
(polyglossia)                (Language="Indonesian" to langtag "")

[33]

Package polyglossia Warning: Asking to add empty feature to main font
(polyglossia)                (Language="Indonesian" to langtag "")


Package polyglossia Warning: Asking to add empty feature to main font
(polyglossia)                (Language="Indonesian" to langtag "")


Package polyglossia Warning: Asking to add empty feature to main font
(polyglossia)                (Language="Indonesian" to langtag "")


Package polyglossia Warning: Asking to add empty feature to main font
(polyglossia)                (Language="Indonesian" to langtag "")


Package polyglossia Warning: Asking to add empty feature to main font
(polyglossia)                (Language="Indonesian" to langtag "")


Package polyglossia Warning: Asking to add empty feature to main font
(polyglossia)                (Language="Indonesian" to langtag "")


Package polyglossia Warning: Asking to add empty feature to main font
(polyglossia)                (Language="Indonesian" to langtag "")


Package polyglossia Warning: Asking to add empty feature to main font
(polyglossia)                (Language="Indonesian" to langtag "")


Package polyglossia Warning: Asking to add empty feature to main font
(polyglossia)                (Language="Indonesian" to langtag "")

[34]

Package polyglossia Warning: Asking to add empty feature to main font
(polyglossia)                (Language="Indonesian" to langtag "")


Package polyglossia Warning: Asking to add empty feature to main font
(polyglossia)                (Language="Indonesian" to langtag "")


Package polyglossia Warning: Asking to add empty feature to main font
(polyglossia)                (Language="Indonesian" to langtag "")


Package polyglossia Warning: Asking to add empty feature to main font
(polyglossia)                (Language="Indonesian" to langtag "")


Package polyglossia Warning: Asking to add empty feature to main font
(polyglossia)                (Language="Indonesian" to langtag "")


Package polyglossia Warning: Asking to add empty feature to main font
(polyglossia)                (Language="Indonesian" to langtag "")


Package polyglossia Warning: Asking to add empty feature to main font
(polyglossia)                (Language="Indonesian" to langtag "")


Package polyglossia Warning: Asking to add empty feature to main font
(polyglossia)                (Language="Indonesian" to langtag "")


Overfull \hbox (0.39032pt too wide) detected at line 1428
[][][][] \OT1/cmr/m/n/12 = [][] \OML/cmm/m/it/12 ;  [] \OT1/cmr/m/n/12 = [][] \
OML/cmm/m/it/12 ;  [] \OT1/cmr/m/n/12 = [][] \OML/cmm/m/it/12 ;  [] \OT1/cmr/m/
n/12 = [][]
 []


Package polyglossia Warning: Asking to add empty feature to main font
(polyglossia)                (Language="Indonesian" to langtag "")

[35]

Package polyglossia Warning: Asking to add empty feature to main font
(polyglossia)                (Language="Indonesian" to langtag "")


Package polyglossia Warning: Asking to add empty feature to main font
(polyglossia)                (Language="Indonesian" to langtag "")


Package polyglossia Warning: Asking to add empty feature to main font
(polyglossia)                (Language="Indonesian" to langtag "")


Package polyglossia Warning: Asking to add empty feature to main font
(polyglossia)                (Language="Indonesian" to langtag "")


Package polyglossia Warning: Asking to add empty feature to main font
(polyglossia)                (Language="Indonesian" to langtag "")


Package polyglossia Warning: Asking to add empty feature to main font
(polyglossia)                (Language="Indonesian" to langtag "")


Package polyglossia Warning: Asking to add empty feature to main font
(polyglossia)                (Language="Indonesian" to langtag "")


Package polyglossia Warning: Asking to add empty feature to main font
(polyglossia)                (Language="Indonesian" to langtag "")


Overfull \hbox (18.36125pt too wide) in paragraph at lines 1454--1454
 []\TU/lmtt/m/n/12 eq_fem.fixedtest                'Uji Chow Redundant Fixed Ef
fects[] 
 []


Overfull \hbox (49.26125pt too wide) in paragraph at lines 1454--1454
 []\TU/lmtt/m/n/12 eq_rem.hausman                  'Uji Hausman Correlated Rand
om Effects[] 
 []


Overfull \hbox (6.00122pt too wide) in paragraph at lines 1454--1454
 []\TU/lmtt/m/n/12 eq_fem.vif                      'Uji Variance Inflation Fact
ors[] 
 []


Overfull \hbox (104.8813pt too wide) in paragraph at lines 1454--1454
 []\TU/lmtt/m/n/12 eq_fem.resids(g) resid_fem      'Ekstraksi Residual untuk Ja
rque-Bera & Glejser[] 
 []


Package polyglossia Warning: Asking to add empty feature to main font
(polyglossia)                (Language="Indonesian" to langtag "")

[36]

Package polyglossia Warning: Asking to add empty feature to main font
(polyglossia)                (Language="Indonesian" to langtag "")


Package polyglossia Warning: Asking to add empty feature to main font
(polyglossia)                (Language="Indonesian" to langtag "")


Package polyglossia Warning: Asking to add empty feature to main font
(polyglossia)                (Language="Indonesian" to langtag "")


Package polyglossia Warning: Asking to add empty feature to main font
(polyglossia)                (Language="Indonesian" to langtag "")


Package polyglossia Warning: Asking to add empty feature to main font
(polyglossia)                (Language="Indonesian" to langtag "")


Package polyglossia Warning: Asking to add empty feature to main font
(polyglossia)                (Language="Indonesian" to langtag "")

[37]

Package polyglossia Warning: Asking to add empty feature to main font
(polyglossia)                (Language="Indonesian" to langtag "")


Package polyglossia Warning: Asking to add empty feature to main font
(polyglossia)                (Language="Indonesian" to langtag "")


Package polyglossia Warning: Asking to add empty feature to main font
(polyglossia)                (Language="Indonesian" to langtag "")


Package polyglossia Warning: Asking to add empty feature to main font
(polyglossia)                (Language="Indonesian" to langtag "")


Package polyglossia Warning: Asking to add empty feature to main font
(polyglossia)                (Language="Indonesian" to langtag "")


Package polyglossia Warning: Asking to add empty feature to main font
(polyglossia)                (Language="Indonesian" to langtag "")


Overfull \hbox (2.15334pt too wide) in alignment at lines 1530--1530
[][][][][] 
 []


Package polyglossia Warning: Asking to add empty feature to main font
(polyglossia)                (Language="Indonesian" to langtag "")

[38]

Package polyglossia Warning: Asking to add empty feature to main font
(polyglossia)                (Language="Indonesian" to langtag "")


Package polyglossia Warning: Asking to add empty feature to main font
(polyglossia)                (Language="Indonesian" to langtag "")

[39]

Package polyglossia Warning: Asking to add empty feature to main font
(polyglossia)                (Language="Indonesian" to langtag "")


Package polyglossia Warning: Asking to add empty feature to main font
(polyglossia)                (Language="Indonesian" to langtag "")


Overfull \hbox (2.15334pt too wide) in alignment at lines 1576--1576
[][][][][] 
 []


Package polyglossia Warning: Asking to add empty feature to main font
(polyglossia)                (Language="Indonesian" to langtag "")

[40]

Package polyglossia Warning: Asking to add empty feature to main font
(polyglossia)                (Language="Indonesian" to langtag "")


Package polyglossia Warning: Asking to add empty feature to main font
(polyglossia)                (Language="Indonesian" to langtag "")

[41]

Package polyglossia Warning: Asking to add empty feature to main font
(polyglossia)                (Language="Indonesian" to langtag "")


Package polyglossia Warning: Asking to add empty feature to main font
(polyglossia)                (Language="Indonesian" to langtag "")


Overfull \hbox (2.15334pt too wide) in alignment at lines 1622--1622
[][][][][] 
 []


Package polyglossia Warning: Asking to add empty feature to main font
(polyglossia)                (Language="Indonesian" to langtag "")

[42]

Package polyglossia Warning: Asking to add empty feature to main font
(polyglossia)                (Language="Indonesian" to langtag "")


Package polyglossia Warning: Asking to add empty feature to main font
(polyglossia)                (Language="Indonesian" to langtag "")

[43]

Package polyglossia Warning: Asking to add empty feature to main font
(polyglossia)                (Language="Indonesian" to langtag "")


Package polyglossia Warning: Asking to add empty feature to main font
(polyglossia)                (Language="Indonesian" to langtag "")


Overfull \hbox (2.15334pt too wide) in alignment at lines 1668--1668
[][][][][] 
 []


Package polyglossia Warning: Asking to add empty feature to main font
(polyglossia)                (Language="Indonesian" to langtag "")

[44]

Package polyglossia Warning: Asking to add empty feature to main font
(polyglossia)                (Language="Indonesian" to langtag "")


Package polyglossia Warning: Asking to add empty feature to main font
(polyglossia)                (Language="Indonesian" to langtag "")


Package polyglossia Warning: Asking to add empty feature to main font
(polyglossia)                (Language="Indonesian" to langtag "")


Overfull \hbox (2.09988pt too wide) in alignment at lines 1714--1714
[][][][][] 
 []


Package polyglossia Warning: Asking to add empty feature to main font
(polyglossia)                (Language="Indonesian" to langtag "")

[45]

Package polyglossia Warning: Asking to add empty feature to main font
(polyglossia)                (Language="Indonesian" to langtag "")

[46]

Package polyglossia Warning: Asking to add empty feature to main font
(polyglossia)                (Language="Indonesian" to langtag "")


Package polyglossia Warning: Asking to add empty feature to main font
(polyglossia)                (Language="Indonesian" to langtag "")


Package polyglossia Warning: Asking to add empty feature to main font
(polyglossia)                (Language="Indonesian" to langtag "")


Package polyglossia Warning: Asking to add empty feature to main font
(polyglossia)                (Language="Indonesian" to langtag "")

[47]

Package polyglossia Warning: Asking to add empty feature to main font
(polyglossia)                (Language="Indonesian" to langtag "")

[48]

Package polyglossia Warning: Asking to add empty feature to main font
(polyglossia)                (Language="Indonesian" to langtag "")


Package polyglossia Warning: Asking to add empty feature to main font
(polyglossia)                (Language="Indonesian" to langtag "")


Package polyglossia Warning: Asking to add empty feature to main font
(polyglossia)                (Language="Indonesian" to langtag "")


Overfull \hbox (30.00253pt too wide) in paragraph at lines 1793--1793
[]|[]|  
 []


Overfull \hbox (12.44307pt too wide) in paragraph at lines 1793--1793
[]|\TU/TimesNewRoman(0)/m/n/12 Stasioner 
 []


Overfull \hbox (12.44307pt too wide) in paragraph at lines 1793--1793
[]|\TU/TimesNewRoman(0)/m/n/12 Stasioner 
 []


Overfull \hbox (12.44307pt too wide) in paragraph at lines 1793--1793
[]|\TU/TimesNewRoman(0)/m/n/12 Stasioner 
 []


Overfull \hbox (12.44307pt too wide) in paragraph at lines 1793--1793
[]|\TU/TimesNewRoman(0)/m/n/12 Stasioner 
 []


Package polyglossia Warning: Asking to add empty feature to main font
(polyglossia)                (Language="Indonesian" to langtag "")

[49]

Package polyglossia Warning: Asking to add empty feature to main font
(polyglossia)                (Language="Indonesian" to langtag "")


Package polyglossia Warning: Asking to add empty feature to main font
(polyglossia)                (Language="Indonesian" to langtag "")


Package polyglossia Warning: Asking to add empty feature to main font
(polyglossia)                (Language="Indonesian" to langtag "")


Overfull \hbox (5.7752pt too wide) in paragraph at lines 1825--1825
 []|\TU/TimesNewRoman(0)/b/n/10.95 Probabilitas| 
 []


Overfull \hbox (54.80139pt too wide) in alignment at lines 1825--1825
[][][][][] 
 []


Package polyglossia Warning: Asking to add empty feature to main font
(polyglossia)                (Language="Indonesian" to langtag "")

[50]

Package polyglossia Warning: Asking to add empty feature to main font
(polyglossia)                (Language="Indonesian" to langtag "")


Package polyglossia Warning: Asking to add empty feature to main font
(polyglossia)                (Language="Indonesian" to langtag "")


Package polyglossia Warning: Asking to add empty feature to main font
(polyglossia)                (Language="Indonesian" to langtag "")


Package polyglossia Warning: Asking to add empty feature to main font
(polyglossia)                (Language="Indonesian" to langtag "")

[51]

Package polyglossia Warning: Asking to add empty feature to main font
(polyglossia)                (Language="Indonesian" to langtag "")

[52]

Package polyglossia Warning: Asking to add empty feature to main font
(polyglossia)                (Language="Indonesian" to langtag "")


Package polyglossia Warning: Asking to add empty feature to main font
(polyglossia)                (Language="Indonesian" to langtag "")


Package polyglossia Warning: Asking to add empty feature to main font
(polyglossia)                (Language="Indonesian" to langtag "")


Overfull \hbox (20.86687pt too wide) in paragraph at lines 1912--1913
[]\TU/TimesNewRoman(0)/m/n/12 Terdapat korelasi positif yang signifikan antara 
CAR dengan ROA ($\OML/cmm/m/it/12 r \OT1/cmr/m/n/12 = +0[]5120\OML/cmm/m/it/12 
; p <
 []


Package polyglossia Warning: Asking to add empty feature to main font
(polyglossia)                (Language="Indonesian" to langtag "")

[53]

Package polyglossia Warning: Asking to add empty feature to main font
(polyglossia)                (Language="Indonesian" to langtag "")

[54]

Package polyglossia Warning: Asking to add empty feature to main font
(polyglossia)                (Language="Indonesian" to langtag "")


Package polyglossia Warning: Asking to add empty feature to main font
(polyglossia)                (Language="Indonesian" to langtag "")


Package polyglossia Warning: Asking to add empty feature to main font
(polyglossia)                (Language="Indonesian" to langtag "")


Package polyglossia Warning: Asking to add empty feature to main font
(polyglossia)                (Language="Indonesian" to langtag "")

[55

]

Package polyglossia Warning: Asking to add empty feature to main font
(polyglossia)                (Language="Indonesian" to langtag "")


Package polyglossia Warning: Asking to add empty feature to main font
(polyglossia)                (Language="Indonesian" to langtag "")


Package polyglossia Warning: Asking to add empty feature to main font
(polyglossia)                (Language="Indonesian" to langtag "")


Overfull \hbox (2.0528pt too wide) in paragraph at lines 1986--1986
 \TU/TimesNewRoman(0)/b/n/10.95 Statistik| 
 []


Package polyglossia Warning: Asking to add empty feature to main font
(polyglossia)                (Language="Indonesian" to langtag "")


Package polyglossia Warning: Asking to add empty feature to main font
(polyglossia)                (Language="Indonesian" to langtag "")


Package polyglossia Warning: Asking to add empty feature to main font
(polyglossia)                (Language="Indonesian" to langtag "")


Package polyglossia Warning: Asking to add empty feature to main font
(polyglossia)                (Language="Indonesian" to langtag "")

[56]

Package polyglossia Warning: Asking to add empty feature to main font
(polyglossia)                (Language="Indonesian" to langtag "")


Package polyglossia Warning: Asking to add empty feature to main font
(polyglossia)                (Language="Indonesian" to langtag "")


Package polyglossia Warning: Asking to add empty feature to main font
(polyglossia)                (Language="Indonesian" to langtag "")


Package polyglossia Warning: Asking to add empty feature to main font
(polyglossia)                (Language="Indonesian" to langtag "")


Package polyglossia Warning: Asking to add empty feature to main font
(polyglossia)                (Language="Indonesian" to langtag "")


Package polyglossia Warning: Asking to add empty feature to main font
(polyglossia)                (Language="Indonesian" to langtag "")


Package polyglossia Warning: Asking to add empty feature to main font
(polyglossia)                (Language="Indonesian" to langtag "")


Package polyglossia Warning: Asking to add empty feature to main font
(polyglossia)                (Language="Indonesian" to langtag "")


Package polyglossia Warning: Asking to add empty feature to main font
(polyglossia)                (Language="Indonesian" to langtag "")


Package polyglossia Warning: Asking to add empty feature to main font
(polyglossia)                (Language="Indonesian" to langtag "")


Package polyglossia Warning: Asking to add empty feature to main font
(polyglossia)                (Language="Indonesian" to langtag "")

[57]

Package polyglossia Warning: Asking to add empty feature to main font
(polyglossia)                (Language="Indonesian" to langtag "")


Package polyglossia Warning: Asking to add empty feature to main font
(polyglossia)                (Language="Indonesian" to langtag "")


Package polyglossia Warning: Asking to add empty feature to main font
(polyglossia)                (Language="Indonesian" to langtag "")

[58]

Package polyglossia Warning: Asking to add empty feature to main font
(polyglossia)                (Language="Indonesian" to langtag "")


Overfull \hbox (19.25993pt too wide) in paragraph at lines 2046--2048
\TU/TimesNewRoman(0)/m/it/12 Performing Loan \TU/TimesNewRoman(0)/m/n/12 (NPL),
 dan \TU/TimesNewRoman(0)/m/it/12 Capital Adequacy Ratio \TU/TimesNewRoman(0)/m
/n/12 (CAR) secara \TU/TimesNewRoman(0)/b/n/12 simultan (bersama-
 []


Package polyglossia Warning: Asking to add empty feature to main font
(polyglossia)                (Language="Indonesian" to langtag "")


Package polyglossia Warning: Asking to add empty feature to main font
(polyglossia)                (Language="Indonesian" to langtag "")


Package polyglossia Warning: Asking to add empty feature to main font
(polyglossia)                (Language="Indonesian" to langtag "")


Overfull \hbox (8.2404pt too wide) in paragraph at lines 2059--2061
\TU/TimesNewRoman(0)/m/n/12 BBNI) untuk menerbitkan obligasi berkelanjutan (*Gr
een Bonds* dan *Sustainability-
 []


Package polyglossia Warning: Asking to add empty feature to main font
(polyglossia)                (Language="Indonesian" to langtag "")

[59]

Package polyglossia Warning: Asking to add empty feature to main font
(polyglossia)                (Language="Indonesian" to langtag "")


Package polyglossia Warning: Asking to add empty feature to main font
(polyglossia)                (Language="Indonesian" to langtag "")


Package polyglossia Warning: Asking to add empty feature to main font
(polyglossia)                (Language="Indonesian" to langtag "")

[60]

Package polyglossia Warning: Asking to add empty feature to main font
(polyglossia)                (Language="Indonesian" to langtag "")


Package polyglossia Warning: Asking to add empty feature to main font
(polyglossia)                (Language="Indonesian" to langtag "")


Package polyglossia Warning: Asking to add empty feature to main font
(polyglossia)                (Language="Indonesian" to langtag "")


Package polyglossia Warning: Asking to add empty feature to main font
(polyglossia)                (Language="Indonesian" to langtag "")

[61]
Overfull \hbox (37.01083pt too wide) in paragraph at lines 2097--2100
\TU/TimesNewRoman(0)/m/n/12 Berdasarkan nilai rata-rata sampel ($[] \OT1/cmr/m/
n/12 = 3[]182[]; [] = 23[]85[]; [] = 2[]42[]; [] =
 []


Package polyglossia Warning: Asking to add empty feature to main font
(polyglossia)                (Language="Indonesian" to langtag "")


Package polyglossia Warning: Asking to add empty feature to main font
(polyglossia)                (Language="Indonesian" to langtag "")


Package polyglossia Warning: Asking to add empty feature to main font
(polyglossia)                (Language="Indonesian" to langtag "")


Overfull \hbox (1.23563pt too wide) in paragraph at lines 2113--2115
\TU/TimesNewRoman(0)/m/n/12 Artinya, setiap kenaikan 1% rasio CAR meningkatkan 
ROA bank sebesar 0,526%. 
 []


Package polyglossia Warning: Asking to add empty feature to main font
(polyglossia)                (Language="Indonesian" to langtag "")


Package polyglossia Warning: Asking to add empty feature to main font
(polyglossia)                (Language="Indonesian" to langtag "")


Overfull \hbox (6.94266pt too wide) in paragraph at lines 2124--2124
|\TU/TimesNewRoman(0)/b/n/12 4.12.7. Analisis Keunggulan Bersaing Berkelanjutan
 Antar-Entitas Bank KBMI
 []


Package polyglossia Warning: Asking to add empty feature to main font
(polyglossia)                (Language="Indonesian" to langtag "")

[62]

Package polyglossia Warning: Asking to add empty feature to main font
(polyglossia)                (Language="Indonesian" to langtag "")


Package polyglossia Warning: Asking to add empty feature to main font
(polyglossia)                (Language="Indonesian" to langtag "")


Package polyglossia Warning: Asking to add empty feature to main font
(polyglossia)                (Language="Indonesian" to langtag "")

[63]

Package polyglossia Warning: Asking to add empty feature to main font
(polyglossia)                (Language="Indonesian" to langtag "")


Package polyglossia Warning: Asking to add empty feature to main font
(polyglossia)                (Language="Indonesian" to langtag "")


Package polyglossia Warning: Asking to add empty feature to main font
(polyglossia)                (Language="Indonesian" to langtag "")


Package polyglossia Warning: Asking to add empty feature to main font
(polyglossia)                (Language="Indonesian" to langtag "")


Overfull \hbox (7.34923pt too wide) in paragraph at lines 2151--2152
[]\TU/TimesNewRoman(0)/m/n/12 Mengintegrasikan modul evaluasi *Environmental, S
ocial, and Governance* (ESG)
 []


Package polyglossia Warning: Asking to add empty feature to main font
(polyglossia)                (Language="Indonesian" to langtag "")


Package polyglossia Warning: Asking to add empty feature to main font
(polyglossia)                (Language="Indonesian" to langtag "")


Package polyglossia Warning: Asking to add empty feature to main font
(polyglossia)                (Language="Indonesian" to langtag "")


Package polyglossia Warning: Asking to add empty feature to main font
(polyglossia)                (Language="Indonesian" to langtag "")


Package polyglossia Warning: Asking to add empty feature to main font
(polyglossia)                (Language="Indonesian" to langtag "")


Package polyglossia Warning: Asking to add empty feature to main font
(polyglossia)                (Language="Indonesian" to langtag "")


Package polyglossia Warning: Asking to add empty feature to main font
(polyglossia)                (Language="Indonesian" to langtag "")


Overfull \hbox (6.43376pt too wide) in paragraph at lines 2160--2161
[]\TU/TimesNewRoman(0)/m/n/12 Melakukan sindikasi pembiayaan hijau lintas bank 
KBMI 4 untuk mendanai proyek-
 []


Package polyglossia Warning: Asking to add empty feature to main font
(polyglossia)                (Language="Indonesian" to langtag "")

[64]

Package polyglossia Warning: Asking to add empty feature to main font
(polyglossia)                (Language="Indonesian" to langtag "")


Package polyglossia Warning: Asking to add empty feature to main font
(polyglossia)                (Language="Indonesian" to langtag "")


Package polyglossia Warning: Asking to add empty feature to main font
(polyglossia)                (Language="Indonesian" to langtag "")


Package polyglossia Warning: Asking to add empty feature to main font
(polyglossia)                (Language="Indonesian" to langtag "")


Package polyglossia Warning: Asking to add empty feature to main font
(polyglossia)                (Language="Indonesian" to langtag "")


Package polyglossia Warning: Asking to add empty feature to main font
(polyglossia)                (Language="Indonesian" to langtag "")


Package polyglossia Warning: Asking to add empty feature to main font
(polyglossia)                (Language="Indonesian" to langtag "")


Package polyglossia Warning: Asking to add empty feature to main font
(polyglossia)                (Language="Indonesian" to langtag "")


Package polyglossia Warning: Asking to add empty feature to main font
(polyglossia)                (Language="Indonesian" to langtag "")


Package polyglossia Warning: Asking to add empty feature to main font
(polyglossia)                (Language="Indonesian" to langtag "")

[65]
Overfull \hbox (9.52965pt too wide) in paragraph at lines 2182--2183
\TU/TimesNewRoman(0)/m/n/12 jibkan seluruh bank umum untuk melaporkan rincian p
ortofolio pembiayaan KUBL
 []


Package polyglossia Warning: Asking to add empty feature to main font
(polyglossia)                (Language="Indonesian" to langtag "")

[66]

Package polyglossia Warning: Asking to add empty feature to main font
(polyglossia)                (Language="Indonesian" to langtag "")


Package polyglossia Warning: Asking to add empty feature to main font
(polyglossia)                (Language="Indonesian" to langtag "")


Overfull \hbox (7.56718pt too wide) in paragraph at lines 2201--2202
\TU/TimesNewRoman(0)/m/n/12 kepercayaan pemangku kepentingan, penurunan biaya p
endanaan (*cost of funds*)
 []


Package polyglossia Warning: Asking to add empty feature to main font
(polyglossia)                (Language="Indonesian" to langtag "")

[67]

Package polyglossia Warning: Asking to add empty feature to main font
(polyglossia)                (Language="Indonesian" to langtag "")


Package polyglossia Warning: Asking to add empty feature to main font
(polyglossia)                (Language="Indonesian" to langtag "")


Package polyglossia Warning: Asking to add empty feature to main font
(polyglossia)                (Language="Indonesian" to langtag "")


Overfull \hbox (1.6487pt too wide) in paragraph at lines 2225--2226
\TU/TimesNewRoman(0)/m/n/12 ngan menitikberatkan pada sektor-sektor produktif d
engan kepatuhan ESG tinggi
 []


Package polyglossia Warning: Asking to add empty feature to main font
(polyglossia)                (Language="Indonesian" to langtag "")

[68]
Overfull \hbox (3.45047pt too wide) in paragraph at lines 2227--2228
[]\TU/TimesNewRoman(0)/b/n/12 Optimalisasi Manajemen Struktur Permodalan: \TU/T
imesNewRoman(0)/m/n/12 Mempertahankan rasio CAR
 []


Package polyglossia Warning: Asking to add empty feature to main font
(polyglossia)                (Language="Indonesian" to langtag "")


Package polyglossia Warning: Asking to add empty feature to main font
(polyglossia)                (Language="Indonesian" to langtag "")


Package polyglossia Warning: Asking to add empty feature to main font
(polyglossia)                (Language="Indonesian" to langtag "")

[69]

Package polyglossia Warning: Asking to add empty feature to main font
(polyglossia)                (Language="Indonesian" to langtag "")


Overfull \hbox (5.31375pt too wide) in paragraph at lines 2244--2244
|\TU/TimesNewRoman(0)/b/n/12 5.3.4. Peta Jalan Implementasi Strategis Perbankan
 Berkelanjutan (2026–2030)| 
 []


Package polyglossia Warning: Asking to add empty feature to main font
(polyglossia)                (Language="Indonesian" to langtag "")


Package polyglossia Warning: Asking to add empty feature to main font
(polyglossia)                (Language="Indonesian" to langtag "")


Package polyglossia Warning: Asking to add empty feature to main font
(polyglossia)                (Language="Indonesian" to langtag "")

[70]

Package polyglossia Warning: Asking to add empty feature to main font
(polyglossia)                (Language="Indonesian" to langtag "")


Package polyglossia Warning: Asking to add empty feature to main font
(polyglossia)                (Language="Indonesian" to langtag "")


Package polyglossia Warning: Asking to add empty feature to main font
(polyglossia)                (Language="Indonesian" to langtag "")


Package polyglossia Warning: Asking to add empty feature to main font
(polyglossia)                (Language="Indonesian" to langtag "")

[71]

Package polyglossia Warning: Asking to add empty feature to main font
(polyglossia)                (Language="Indonesian" to langtag "")

[72] (skripsi_ukrida.bbl

Package polyglossia Warning: Asking to add empty feature to main font
(polyglossia)                (Language="Indonesian" to langtag "")


Package polyglossia Warning: Asking to add empty feature to main font
(polyglossia)                (Language="Indonesian" to langtag "")

[73]

Package polyglossia Warning: Asking to add empty feature to main font
(polyglossia)                (Language="Indonesian" to langtag "")

[74]
Underfull \hbox (badness 1383) in paragraph at lines 143--148
[]\TU/TimesNewRoman(0)/m/n/12 Otoritas Jasa Keuangan (2017a).  Peraturan Otorit
as Jasa Keuangan Nomor
 []


Underfull \hbox (badness 1308) in paragraph at lines 150--155
[]\TU/TimesNewRoman(0)/m/n/12 Otoritas Jasa Keuangan (2017b).  Peraturan Otorit
as Jasa Keuangan Nomor
 []


Underfull \hbox (badness 2042) in paragraph at lines 157--161
[]\TU/TimesNewRoman(0)/m/n/12 Otoritas Jasa Keuangan (2021).  Peraturan Otorita
s Jasa Keuangan Nomor
 []


Package polyglossia Warning: Asking to add empty feature to main font
(polyglossia)                (Language="Indonesian" to langtag "")

[75])

Package polyglossia Warning: Asking to add empty feature to main font
(polyglossia)                (Language="Indonesian" to langtag "")

[76]

Package polyglossia Warning: Asking to add empty feature to main font
(polyglossia)                (Language="Indonesian" to langtag "")

[77]

Package polyglossia Warning: Asking to add empty feature to main font
(polyglossia)                (Language="Indonesian" to langtag "")

[78

]

Package polyglossia Warning: Asking to add empty feature to main font
(polyglossia)                (Language="Indonesian" to langtag "")

[79]

Package polyglossia Warning: Asking to add empty feature to main font
(polyglossia)                (Language="Indonesian" to langtag "")

[80

]

Package polyglossia Warning: Asking to add empty feature to main font
(polyglossia)                (Language="Indonesian" to langtag "")

[81]

Package polyglossia Warning: Asking to add empty feature to main font
(polyglossia)                (Language="Indonesian" to langtag "")


Package polyglossia Warning: Asking to add empty feature to main font
(polyglossia)                (Language="Indonesian" to langtag "")


Overfull \hbox (83.70142pt too wide) in paragraph at lines 2483--2483
[]\TU/lmtt/m/n/12 =============================================================
=================[] 
 []


Overfull \hbox (83.70142pt too wide) in paragraph at lines 2483--2483
[]\TU/lmtt/m/n/12 =============================================================
=================[] 
 []


Overfull \hbox (34.26122pt too wide) in paragraph at lines 2483--2483
[]\TU/lmtt/m/n/12 Variable             Coefficient   Std. Error   t-Statistic  
    Prob.[] 
 []


Overfull \hbox (83.70142pt too wide) in paragraph at lines 2483--2483
[]\TU/lmtt/m/n/12 =============================================================
=================[] 
 []


Overfull \hbox (34.23712pt too wide) in paragraph at lines 2483--2483
[]\TU/lmtt/m/n/12 C                       1.215420     0.427965      2.840000  
   0.0058[] 
 []


Overfull \hbox (34.24924pt too wide) in paragraph at lines 2483--2483
[]\TU/lmtt/m/n/12 GREEN_FINANCING         0.051240     0.015004      3.415089  
   0.0010[] 
 []


Overfull \hbox (34.24919pt too wide) in paragraph at lines 2483--2483
[]\TU/lmtt/m/n/12 NPL_GROSS              -0.421050     0.086814     -4.850024  
   0.0000[] 
 []


Overfull \hbox (34.23717pt too wide) in paragraph at lines 2483--2483
[]\TU/lmtt/m/n/12 CAR                     0.062140     0.019727      3.150000  
   0.0023[] 
 []


Overfull \hbox (83.70142pt too wide) in paragraph at lines 2483--2483
[]\TU/lmtt/m/n/12 =============================================================
=================[] 
 []


Overfull \hbox (46.60919pt too wide) in paragraph at lines 2483--2483
[]\TU/lmtt/m/n/12 R-squared               0.612450     Mean dependent var      
   3.182250[] 
 []


Overfull \hbox (46.60925pt too wide) in paragraph at lines 2483--2483
[]\TU/lmtt/m/n/12 Adjusted R-squared      0.597148     S.D. dependent var      
   0.541280[] 
 []


Overfull \hbox (46.60927pt too wide) in paragraph at lines 2483--2483
[]\TU/lmtt/m/n/12 S.E. of regression      0.343560     Akaike info criterion   
   0.754120[] 
 []


Overfull \hbox (46.60922pt too wide) in paragraph at lines 2483--2483
[]\TU/lmtt/m/n/12 Sum squared resid       8.970840     Schwarz criterion       
   0.873220[] 
 []


Overfull \hbox (46.58527pt too wide) in paragraph at lines 2483--2483
[]\TU/lmtt/m/n/12 Log likelihood         -26.16480     Hannan-Quinn criter.    
   0.801890[] 
 []


Overfull \hbox (46.6212pt too wide) in paragraph at lines 2483--2483
[]\TU/lmtt/m/n/12 F-statistic            40.020540     Durbin-Watson stat      
   1.420150[] 
 []


Overfull \hbox (83.70142pt too wide) in paragraph at lines 2483--2483
[]\TU/lmtt/m/n/12 =============================================================
=================[] 
 []


Package polyglossia Warning: Asking to add empty feature to main font
(polyglossia)                (Language="Indonesian" to langtag "")


Package polyglossia Warning: Asking to add empty feature to main font
(polyglossia)                (Language="Indonesian" to langtag "")


Overfull \hbox (83.70142pt too wide) in paragraph at lines 2517--2517
[]\TU/lmtt/m/n/12 =============================================================
=================[] 
 []


Overfull \hbox (83.70142pt too wide) in paragraph at lines 2517--2517
[]\TU/lmtt/m/n/12 =============================================================
=================[] 
 []


Overfull \hbox (34.26122pt too wide) in paragraph at lines 2517--2517
[]\TU/lmtt/m/n/12 Variable             Coefficient   Std. Error   t-Statistic  
    Prob.[] 
 []


Overfull \hbox (83.70142pt too wide) in paragraph at lines 2517--2517
[]\TU/lmtt/m/n/12 =============================================================
=================[] 
 []


Package polyglossia Warning: Asking to add empty feature to main font
(polyglossia)                (Language="Indonesian" to langtag "")

[82

]
Overfull \hbox (34.23714pt too wide) in paragraph at lines 2517--2517
[]\TU/lmtt/m/n/12 C                       1.485210     0.312019      4.760000  
   0.0000[] 
 []


Overfull \hbox (34.24924pt too wide) in paragraph at lines 2517--2517
[]\TU/lmtt/m/n/12 GREEN_FINANCING         0.042180     0.011048      3.817886  
   0.0003[] 
 []


Overfull \hbox (34.2252pt too wide) in paragraph at lines 2517--2517
[]\TU/lmtt/m/n/12 NPL_GROSS              -0.385420     0.076080     -5.065983  
   0.0000[] 
 []


Overfull \hbox (34.23717pt too wide) in paragraph at lines 2517--2517
[]\TU/lmtt/m/n/12 CAR                     0.074150     0.016032      4.625125  
   0.0000[] 
 []


Overfull \hbox (83.70084pt too wide) in paragraph at lines 2517--2517
[]\TU/lmtt/m/n/12 -------------------------------------------------------------
-----------------[] 
 []


Overfull \hbox (83.70142pt too wide) in paragraph at lines 2517--2517
[]\TU/lmtt/m/n/12 =============================================================
=================[] 
 []


Overfull \hbox (46.62119pt too wide) in paragraph at lines 2517--2517
[]\TU/lmtt/m/n/12 R-squared               0.725140     Mean dependent var      
   3.182250[] 
 []


Overfull \hbox (46.62125pt too wide) in paragraph at lines 2517--2517
[]\TU/lmtt/m/n/12 Adjusted R-squared      0.702580     S.D. dependent var      
   0.541280[] 
 []


Overfull \hbox (46.58527pt too wide) in paragraph at lines 2517--2517
[]\TU/lmtt/m/n/12 S.E. of regression      0.295160     Akaike info criterion   
   0.478950[] 
 []


Overfull \hbox (46.58522pt too wide) in paragraph at lines 2517--2517
[]\TU/lmtt/m/n/12 Sum squared resid       6.360120     Schwarz criterion       
   0.687380[] 
 []


Overfull \hbox (46.60925pt too wide) in paragraph at lines 2517--2517
[]\TU/lmtt/m/n/12 Log likelihood         -12.15800     Hannan-Quinn criter.    
   0.562550[] 
 []


Overfull \hbox (46.6092pt too wide) in paragraph at lines 2517--2517
[]\TU/lmtt/m/n/12 F-statistic            32.450120     Durbin-Watson stat      
   1.942180[] 
 []


Overfull \hbox (83.70142pt too wide) in paragraph at lines 2517--2517
[]\TU/lmtt/m/n/12 =============================================================
=================[] 
 []


Package polyglossia Warning: Asking to add empty feature to main font
(polyglossia)                (Language="Indonesian" to langtag "")


Package polyglossia Warning: Asking to add empty feature to main font
(polyglossia)                (Language="Indonesian" to langtag "")


Overfull \hbox (83.70142pt too wide) in paragraph at lines 2547--2547
[]\TU/lmtt/m/n/12 =============================================================
=================[] 
 []


Overfull \hbox (83.70142pt too wide) in paragraph at lines 2547--2547
[]\TU/lmtt/m/n/12 =============================================================
=================[] 
 []


Overfull \hbox (34.26122pt too wide) in paragraph at lines 2547--2547
[]\TU/lmtt/m/n/12 Variable             Coefficient   Std. Error   t-Statistic  
    Prob.[] 
 []


Overfull \hbox (83.70142pt too wide) in paragraph at lines 2547--2547
[]\TU/lmtt/m/n/12 =============================================================
=================[] 
 []


Overfull \hbox (34.24913pt too wide) in paragraph at lines 2547--2547
[]\TU/lmtt/m/n/12 C                       1.320450     0.387229      3.410000  
   0.0010[] 
 []


Overfull \hbox (34.22523pt too wide) in paragraph at lines 2547--2547
[]\TU/lmtt/m/n/12 GREEN_FINANCING         0.046120     0.012740      3.620094  
   0.0005[] 
 []


Overfull \hbox (34.2252pt too wide) in paragraph at lines 2547--2547
[]\TU/lmtt/m/n/12 NPL_GROSS              -0.398150     0.080925     -4.920000  
   0.0000[] 
 []


Overfull \hbox (34.22516pt too wide) in paragraph at lines 2547--2547
[]\TU/lmtt/m/n/12 CAR                     0.068950     0.017725      3.890000  
   0.0002[] 
 []


Package polyglossia Warning: Asking to add empty feature to main font
(polyglossia)                (Language="Indonesian" to langtag "")

[83]
Overfull \hbox (83.70142pt too wide) in paragraph at lines 2547--2547
[]\TU/lmtt/m/n/12 =============================================================
=================[] 
 []


Overfull \hbox (83.70142pt too wide) in paragraph at lines 2547--2547
[]\TU/lmtt/m/n/12 =============================================================
=================[] 
 []


Overfull \hbox (46.5972pt too wide) in paragraph at lines 2547--2547
[]\TU/lmtt/m/n/12 R-squared               0.647820     Mean dependent var      
   1.654210[] 
 []


Overfull \hbox (46.59724pt too wide) in paragraph at lines 2547--2547
[]\TU/lmtt/m/n/12 Adjusted R-squared      0.633910     S.D. dependent var      
   0.482150[] 
 []


Overfull \hbox (46.57324pt too wide) in paragraph at lines 2547--2547
[]\TU/lmtt/m/n/12 S.E. of regression      0.291750     Sum squared resid       
   6.469120[] 
 []


Overfull \hbox (46.59721pt too wide) in paragraph at lines 2547--2547
[]\TU/lmtt/m/n/12 F-statistic            46.550140     Durbin-Watson stat      
   1.610450[] 
 []


Overfull \hbox (83.70142pt too wide) in paragraph at lines 2547--2547
[]\TU/lmtt/m/n/12 =============================================================
=================[] 
 []


Package polyglossia Warning: Asking to add empty feature to main font
(polyglossia)                (Language="Indonesian" to langtag "")


Package polyglossia Warning: Asking to add empty feature to main font
(polyglossia)                (Language="Indonesian" to langtag "")


Overfull \hbox (83.70142pt too wide) in paragraph at lines 2562--2562
[]\TU/lmtt/m/n/12 =============================================================
=================[] 
 []


Overfull \hbox (83.70142pt too wide) in paragraph at lines 2562--2562
[]\TU/lmtt/m/n/12 =============================================================
=================[] 
 []


Overfull \hbox (21.90111pt too wide) in paragraph at lines 2562--2562
[]\TU/lmtt/m/n/12 Effects Test                    Statistic        d.f.        
  Prob.[] 
 []


Overfull \hbox (83.70142pt too wide) in paragraph at lines 2562--2562
[]\TU/lmtt/m/n/12 =============================================================
=================[] 
 []


Overfull \hbox (21.90115pt too wide) in paragraph at lines 2562--2562
[]\TU/lmtt/m/n/12 Cross-section F                 18.420150      (3, 73)       
 0.0000[] 
 []


Overfull \hbox (21.90118pt too wide) in paragraph at lines 2562--2562
[]\TU/lmtt/m/n/12 Cross-section Chi-square        48.310240            3       
 0.0000[] 
 []


Overfull \hbox (83.70142pt too wide) in paragraph at lines 2562--2562
[]\TU/lmtt/m/n/12 =============================================================
=================[] 
 []


Package polyglossia Warning: Asking to add empty feature to main font
(polyglossia)                (Language="Indonesian" to langtag "")


Package polyglossia Warning: Asking to add empty feature to main font
(polyglossia)                (Language="Indonesian" to langtag "")


Overfull \hbox (83.70142pt too wide) in paragraph at lines 2576--2576
[]\TU/lmtt/m/n/12 =============================================================
=================[] 
 []


Overfull \hbox (83.70142pt too wide) in paragraph at lines 2576--2576
[]\TU/lmtt/m/n/12 =============================================================
=================[] 
 []


Overfull \hbox (71.34117pt too wide) in paragraph at lines 2576--2576
[]\TU/lmtt/m/n/12 Test Summary                 Chi-Sq. Statistic    Chi-Sq. d.f
.         Prob.[] 
 []


Overfull \hbox (83.70142pt too wide) in paragraph at lines 2576--2576
[]\TU/lmtt/m/n/12 =============================================================
=================[] 
 []


Overfull \hbox (71.3291pt too wide) in paragraph at lines 2576--2576
[]\TU/lmtt/m/n/12 Cross-section random                 14.250180               
3        0.0026[] 
 []


Overfull \hbox (83.70142pt too wide) in paragraph at lines 2576--2576
[]\TU/lmtt/m/n/12 =============================================================
=================[] 
 []


Package polyglossia Warning: Asking to add empty feature to main font
(polyglossia)                (Language="Indonesian" to langtag "")


Package polyglossia Warning: Asking to add empty feature to main font
(polyglossia)                (Language="Indonesian" to langtag "")


Overfull \hbox (83.70142pt too wide) in paragraph at lines 2592--2592
[]\TU/lmtt/m/n/12 =============================================================
=================[] 
 []


Package polyglossia Warning: Asking to add empty feature to main font
(polyglossia)                (Language="Indonesian" to langtag "")

[84]
Overfull \hbox (83.70142pt too wide) in paragraph at lines 2592--2592
[]\TU/lmtt/m/n/12 =============================================================
=================[] 
 []


Overfull \hbox (21.87714pt too wide) in paragraph at lines 2592--2592
[]\TU/lmtt/m/n/12 Mean                   -1.39e-16     Skewness               0
.114250[] 
 []


Overfull \hbox (21.90114pt too wide) in paragraph at lines 2592--2592
[]\TU/lmtt/m/n/12 Median                 -0.012540     Kurtosis               2
.385410[] 
 []


Overfull \hbox (21.88916pt too wide) in paragraph at lines 2592--2592
[]\TU/lmtt/m/n/12 Maximum                 0.684210     Jarque-Bera            1
.842150[] 
 []


Overfull \hbox (21.86517pt too wide) in paragraph at lines 2592--2592
[]\TU/lmtt/m/n/12 Minimum                -0.642150     Probability            0
.398090[] 
 []


Overfull \hbox (83.70142pt too wide) in paragraph at lines 2592--2592
[]\TU/lmtt/m/n/12 =============================================================
=================[] 
 []


Package polyglossia Warning: Asking to add empty feature to main font
(polyglossia)                (Language="Indonesian" to langtag "")


Package polyglossia Warning: Asking to add empty feature to main font
(polyglossia)                (Language="Indonesian" to langtag "")


Overfull \hbox (83.70142pt too wide) in paragraph at lines 2610--2610
[]\TU/lmtt/m/n/12 =============================================================
=================[] 
 []


Overfull \hbox (83.70142pt too wide) in paragraph at lines 2610--2610
[]\TU/lmtt/m/n/12 =============================================================
=================[] 
 []


Overfull \hbox (83.70142pt too wide) in paragraph at lines 2610--2610
[]\TU/lmtt/m/n/12 =============================================================
=================[] 
 []


Overfull \hbox (83.70142pt too wide) in paragraph at lines 2610--2610
[]\TU/lmtt/m/n/12 =============================================================
=================[] 
 []


Package polyglossia Warning: Asking to add empty feature to main font
(polyglossia)                (Language="Indonesian" to langtag "")


Package polyglossia Warning: Asking to add empty feature to main font
(polyglossia)                (Language="Indonesian" to langtag "")


Overfull \hbox (83.70142pt too wide) in paragraph at lines 2630--2630
[]\TU/lmtt/m/n/12 =============================================================
=================[] 
 []


Overfull \hbox (83.70142pt too wide) in paragraph at lines 2630--2630
[]\TU/lmtt/m/n/12 =============================================================
=================[] 
 []


Overfull \hbox (34.26122pt too wide) in paragraph at lines 2630--2630
[]\TU/lmtt/m/n/12 Variable             Coefficient   Std. Error   t-Statistic  
    Prob.[] 
 []


Overfull \hbox (83.70142pt too wide) in paragraph at lines 2630--2630
[]\TU/lmtt/m/n/12 =============================================================
=================[] 
 []


Overfull \hbox (34.23712pt too wide) in paragraph at lines 2630--2630
[]\TU/lmtt/m/n/12 C                       0.154210     0.185420      0.831679  
   0.4083[] 
 []


Overfull \hbox (34.21326pt too wide) in paragraph at lines 2630--2630
[]\TU/lmtt/m/n/12 GREEN_FINANCING        -0.006540     0.006420     -1.018691  
   0.3117[] 
 []


Overfull \hbox (34.22519pt too wide) in paragraph at lines 2630--2630
[]\TU/lmtt/m/n/12 NPL_GROSS               0.052140     0.044200      1.179638  
   0.2419[] 
 []


Package polyglossia Warning: Asking to add empty feature to main font
(polyglossia)                (Language="Indonesian" to langtag "")

[85]
Overfull \hbox (34.23717pt too wide) in paragraph at lines 2630--2630
[]\TU/lmtt/m/n/12 CAR                    -0.012450     0.009320     -1.335836  
   0.1858[] 
 []


Overfull \hbox (83.70142pt too wide) in paragraph at lines 2630--2630
[]\TU/lmtt/m/n/12 =============================================================
=================[] 
 []


Overfull \hbox (46.62114pt too wide) in paragraph at lines 2630--2630
[]\TU/lmtt/m/n/12 R-squared               0.058420     F-statistic             
   0.754120[] 
 []


Overfull \hbox (46.60927pt too wide) in paragraph at lines 2630--2630
[]\TU/lmtt/m/n/12 Adjusted R-squared      0.019540     Prob(F-statistic)       
   0.523140[] 
 []


Overfull \hbox (83.70142pt too wide) in paragraph at lines 2630--2630
[]\TU/lmtt/m/n/12 =============================================================
=================[] 
 []


Overfull \hbox (125.4134pt too wide) in paragraph at lines 2636--2651
[] 
 []


Overfull \hbox (159.55206pt too wide) in paragraph at lines 2656--2670
[] 
 []


Package polyglossia Warning: Asking to add empty feature to main font
(polyglossia)                (Language="Indonesian" to langtag "")

[86]

Package polyglossia Warning: Asking to add empty feature to main font
(polyglossia)                (Language="Indonesian" to langtag "")


Overfull \hbox (10.64679pt too wide) in paragraph at lines 2700--2700
 []|$[] \OMS/cmsy/m/n/10.95 ^^B 
 []


Overfull \hbox (11.37393pt too wide) in paragraph at lines 2700--2700
 []|$[] \OMS/cmsy/m/n/10.95 ^^B 
 []


Overfull \hbox (8.95189pt too wide) in paragraph at lines 2700--2700
 []|$[] \OMS/cmsy/m/n/10.95 ^^B 
 []


Overfull \hbox (24.55539pt too wide) in paragraph at lines 2704--2705
\TU/TimesNewRoman(0)/b/n/12 Lampiran 5: Klasifikasi 11 Sektor KUBL Berdasarkan 
POJK No. 51/POJK.03/2017 
 []


Package polyglossia Warning: Asking to add empty feature to main font
(polyglossia)                (Language="Indonesian" to langtag "")


Package polyglossia Warning: Asking to add empty feature to main font
(polyglossia)                (Language="Indonesian" to langtag "")

[87]

Package polyglossia Warning: Asking to add empty feature to main font
(polyglossia)                (Language="Indonesian" to langtag "")

[88] (skripsi_ukrida.aux)
 ***********
LaTeX2e <2025-11-01>
L3 programming layer <2025-12-24>
 ***********
Package rerunfilecheck Info: File `skripsi_ukrida.out' has not changed.
(rerunfilecheck)             Checksum: 904A764CDAC3920C4A2522D955BE546E;31245.
 ) 
Here is how much of TeX's memory you used:
 30025 strings out of 402987
 598104 string characters out of 5446868
 1136053 words of memory out of 5000000
 58285 multiletter control sequences out of 15000+600000
 640114 words of font info for 118 fonts, out of 8000000 for 9000
 1348 hyphenation exceptions out of 8191
 84i,19n,104p,1389b,848s stack positions out of 10000i,1000n,20000p,200000b,200000s

Output written on skripsi_ukrida.pdf (109 pages).
